"","CountryName","CountryCode","RegionName","RegionCode","Jurisdiction","Date","C1_School.closing","C1_Flag","C2_Workplace.closing","C2_Flag","C3_Cancel.public.events","C3_Flag","C4_Restrictions.on.gatherings","C4_Flag","C5_Close.public.transport","C5_Flag","C6_Stay.at.home.requirements","C6_Flag","C7_Restrictions.on.internal.movement","C7_Flag","C8_International.travel.controls","E1_Income.support","E1_Flag","E2_Debt.contract.relief","E3_Fiscal.measures","E4_International.support","H1_Public.information.campaigns","H1_Flag","H2_Testing.policy","H3_Contact.tracing","H4_Emergency.investment.in.healthcare","H5_Investment.in.vaccines","H6_Facial.Coverings","H6_Flag","H7_Vaccination.policy","H7_Flag","M1_Wildcard","ConfirmedCases","ConfirmedDeaths","StringencyIndex","StringencyIndexForDisplay","StringencyLegacyIndex","StringencyLegacyIndexForDisplay","GovernmentResponseIndex","GovernmentResponseIndexForDisplay","ContainmentHealthIndex","ContainmentHealthIndexForDisplay","EconomicSupportIndex","EconomicSupportIndexForDisplay"
"25478","Dominica","DMA","","","NAT_TOTAL",2020-01-01,0,NA,0,NA,0,NA,0,NA,0,NA,0,NA,0,NA,0,0,NA,0,0,0,0,NA,0,0,0,0,0,NA,0,NA,NA,NA,NA,0,0,0,0,0,0,0,0,0,0
"25479","Dominica","DMA","","","NAT_TOTAL",2020-01-02,0,NA,0,NA,0,NA,0,NA,0,NA,0,NA,0,NA,0,0,NA,0,0,0,0,NA,0,0,0,0,0,NA,0,NA,NA,NA,NA,0,0,0,0,0,0,0,0,0,0
"25480","Dominica","DMA","","","NAT_TOTAL",2020-01-03,0,NA,0,NA,0,NA,0,NA,0,NA,0,NA,0,NA,0,0,NA,0,0,0,0,NA,0,0,0,0,0,NA,0,NA,NA,NA,NA,0,0,0,0,0,0,0,0,0,0
"25481","Dominica","DMA","","","NAT_TOTAL",2020-01-04,0,NA,0,NA,0,NA,0,NA,0,NA,0,NA,0,NA,0,0,NA,0,0,0,0,NA,0,0,0,0,0,NA,0,NA,NA,NA,NA,0,0,0,0,0,0,0,0,0,0
"25482","Dominica","DMA","","","NAT_TOTAL",2020-01-05,0,NA,0,NA,0,NA,0,NA,0,NA,0,NA,0,NA,0,0,NA,0,0,0,0,NA,0,0,0,0,0,NA,0,NA,NA,NA,NA,0,0,0,0,0,0,0,0,0,0
"25483","Dominica","DMA","","","NAT_TOTAL",2020-01-06,0,NA,0,NA,0,NA,0,NA,0,NA,0,NA,0,NA,0,0,NA,0,0,0,0,NA,0,0,0,0,0,NA,0,NA,NA,NA,NA,0,0,0,0,0,0,0,0,0,0
"25484","Dominica","DMA","","","NAT_TOTAL",2020-01-07,0,NA,0,NA,0,NA,0,NA,0,NA,0,NA,0,NA,0,0,NA,0,0,0,0,NA,0,0,0,0,0,NA,0,NA,NA,NA,NA,0,0,0,0,0,0,0,0,0,0
"25485","Dominica","DMA","","","NAT_TOTAL",2020-01-08,0,NA,0,NA,0,NA,0,NA,0,NA,0,NA,0,NA,0,0,NA,0,0,0,0,NA,0,0,0,0,0,NA,0,NA,NA,NA,NA,0,0,0,0,0,0,0,0,0,0
"25486","Dominica","DMA","","","NAT_TOTAL",2020-01-09,0,NA,0,NA,0,NA,0,NA,0,NA,0,NA,0,NA,0,0,NA,0,0,0,0,NA,0,0,0,0,0,NA,0,NA,NA,NA,NA,0,0,0,0,0,0,0,0,0,0
"25487","Dominica","DMA","","","NAT_TOTAL",2020-01-10,0,NA,0,NA,0,NA,0,NA,0,NA,0,NA,0,NA,0,0,NA,0,0,0,0,NA,0,0,0,0,0,NA,0,NA,NA,NA,NA,0,0,0,0,0,0,0,0,0,0
"25488","Dominica","DMA","","","NAT_TOTAL",2020-01-11,0,NA,0,NA,0,NA,0,NA,0,NA,0,NA,0,NA,0,0,NA,0,0,0,0,NA,0,0,0,0,0,NA,0,NA,NA,NA,NA,0,0,0,0,0,0,0,0,0,0
"25489","Dominica","DMA","","","NAT_TOTAL",2020-01-12,0,NA,0,NA,0,NA,0,NA,0,NA,0,NA,0,NA,0,0,NA,0,0,0,0,NA,0,0,0,0,0,NA,0,NA,NA,NA,NA,0,0,0,0,0,0,0,0,0,0
"25490","Dominica","DMA","","","NAT_TOTAL",2020-01-13,0,NA,0,NA,0,NA,0,NA,0,NA,0,NA,0,NA,0,0,NA,0,0,0,0,NA,0,0,0,0,0,NA,0,NA,NA,NA,NA,0,0,0,0,0,0,0,0,0,0
"25491","Dominica","DMA","","","NAT_TOTAL",2020-01-14,0,NA,0,NA,0,NA,0,NA,0,NA,0,NA,0,NA,0,0,NA,0,0,0,0,NA,0,0,0,0,0,NA,0,NA,NA,NA,NA,0,0,0,0,0,0,0,0,0,0
"25492","Dominica","DMA","","","NAT_TOTAL",2020-01-15,0,NA,0,NA,0,NA,0,NA,0,NA,0,NA,0,NA,0,0,NA,0,0,0,0,NA,0,0,0,0,0,NA,0,NA,NA,NA,NA,0,0,0,0,0,0,0,0,0,0
"25493","Dominica","DMA","","","NAT_TOTAL",2020-01-16,0,NA,0,NA,0,NA,0,NA,0,NA,0,NA,0,NA,0,0,NA,0,0,0,0,NA,0,0,0,0,0,NA,0,NA,NA,NA,NA,0,0,0,0,0,0,0,0,0,0
"25494","Dominica","DMA","","","NAT_TOTAL",2020-01-17,0,NA,0,NA,0,NA,0,NA,0,NA,0,NA,0,NA,0,0,NA,0,0,0,0,NA,0,0,0,0,0,NA,0,NA,NA,NA,NA,0,0,0,0,0,0,0,0,0,0
"25495","Dominica","DMA","","","NAT_TOTAL",2020-01-18,0,NA,0,NA,0,NA,0,NA,0,NA,0,NA,0,NA,0,0,NA,0,0,0,0,NA,0,0,0,0,0,NA,0,NA,NA,NA,NA,0,0,0,0,0,0,0,0,0,0
"25496","Dominica","DMA","","","NAT_TOTAL",2020-01-19,0,NA,0,NA,0,NA,0,NA,0,NA,0,NA,0,NA,0,0,NA,0,0,0,0,NA,0,0,0,0,0,NA,0,NA,NA,NA,NA,0,0,0,0,0,0,0,0,0,0
"25497","Dominica","DMA","","","NAT_TOTAL",2020-01-20,0,NA,0,NA,0,NA,0,NA,0,NA,0,NA,0,NA,0,0,NA,0,0,0,0,NA,0,0,0,0,0,NA,0,NA,NA,NA,NA,0,0,0,0,0,0,0,0,0,0
"25498","Dominica","DMA","","","NAT_TOTAL",2020-01-21,0,NA,0,NA,0,NA,0,NA,0,NA,0,NA,0,NA,0,0,NA,0,0,0,0,NA,0,0,0,0,0,NA,0,NA,NA,NA,NA,0,0,0,0,0,0,0,0,0,0
"25499","Dominica","DMA","","","NAT_TOTAL",2020-01-22,0,NA,0,NA,0,NA,0,NA,0,NA,0,NA,0,NA,0,0,NA,0,0,0,0,NA,0,0,0,0,0,NA,0,NA,NA,0,0,0,0,0,0,0,0,0,0,0,0
"25500","Dominica","DMA","","","NAT_TOTAL",2020-01-23,0,NA,0,NA,0,NA,0,NA,0,NA,0,NA,0,NA,0,0,NA,0,0,0,0,NA,0,0,0,0,0,NA,0,NA,NA,0,0,0,0,0,0,0,0,0,0,0,0
"25501","Dominica","DMA","","","NAT_TOTAL",2020-01-24,0,NA,0,NA,0,NA,0,NA,0,NA,0,NA,0,NA,0,0,NA,0,0,0,0,NA,0,0,0,0,0,NA,0,NA,NA,0,0,0,0,0,0,0,0,0,0,0,0
"25502","Dominica","DMA","","","NAT_TOTAL",2020-01-25,0,NA,0,NA,0,NA,0,NA,0,NA,0,NA,0,NA,0,0,NA,0,0,0,0,NA,0,0,0,0,0,NA,0,NA,NA,0,0,0,0,0,0,0,0,0,0,0,0
"25503","Dominica","DMA","","","NAT_TOTAL",2020-01-26,0,NA,0,NA,0,NA,0,NA,0,NA,0,NA,0,NA,0,0,NA,0,0,0,0,NA,0,0,0,0,0,NA,0,NA,NA,0,0,0,0,0,0,0,0,0,0,0,0
"25504","Dominica","DMA","","","NAT_TOTAL",2020-01-27,0,NA,0,NA,0,NA,0,NA,0,NA,0,NA,0,NA,0,0,NA,0,0,0,0,NA,0,0,0,0,0,NA,0,NA,NA,0,0,0,0,0,0,0,0,0,0,0,0
"25505","Dominica","DMA","","","NAT_TOTAL",2020-01-28,0,NA,0,NA,0,NA,0,NA,0,NA,0,NA,0,NA,0,0,NA,0,0,0,0,NA,0,0,0,0,0,NA,0,NA,NA,0,0,0,0,0,0,0,0,0,0,0,0
"25506","Dominica","DMA","","","NAT_TOTAL",2020-01-29,0,NA,0,NA,0,NA,0,NA,0,NA,0,NA,0,NA,0,0,NA,0,0,0,0,NA,0,0,0,0,0,NA,0,NA,NA,0,0,0,0,0,0,0,0,0,0,0,0
"25507","Dominica","DMA","","","NAT_TOTAL",2020-01-30,0,NA,0,NA,0,NA,0,NA,0,NA,0,NA,0,NA,0,0,NA,0,0,0,0,NA,0,0,0,0,0,NA,0,NA,NA,0,0,0,0,0,0,0,0,0,0,0,0
"25508","Dominica","DMA","","","NAT_TOTAL",2020-01-31,0,NA,0,NA,0,NA,0,NA,0,NA,0,NA,0,NA,0,0,NA,0,0,0,0,NA,0,0,0,0,0,NA,0,NA,NA,0,0,0,0,0,0,0,0,0,0,0,0
"25509","Dominica","DMA","","","NAT_TOTAL",2020-02-01,0,NA,0,NA,0,NA,0,NA,0,NA,0,NA,0,NA,0,0,NA,0,0,0,0,NA,0,0,0,0,0,NA,0,NA,NA,0,0,0,0,0,0,0,0,0,0,0,0
"25510","Dominica","DMA","","","NAT_TOTAL",2020-02-02,0,NA,0,NA,0,NA,0,NA,0,NA,0,NA,0,NA,0,0,NA,0,0,0,0,NA,0,0,0,0,0,NA,0,NA,NA,0,0,0,0,0,0,0,0,0,0,0,0
"25511","Dominica","DMA","","","NAT_TOTAL",2020-02-03,0,NA,0,NA,0,NA,0,NA,0,NA,0,NA,0,NA,0,0,NA,0,0,0,0,NA,0,0,0,0,0,NA,0,NA,NA,0,0,0,0,0,0,0,0,0,0,0,0
"25512","Dominica","DMA","","","NAT_TOTAL",2020-02-04,0,NA,0,NA,0,NA,0,NA,0,NA,0,NA,0,NA,0,0,NA,0,0,0,0,NA,0,0,0,0,0,NA,0,NA,NA,0,0,0,0,0,0,0,0,0,0,0,0
"25513","Dominica","DMA","","","NAT_TOTAL",2020-02-05,0,NA,0,NA,0,NA,0,NA,0,NA,0,NA,0,NA,0,0,NA,0,0,0,0,NA,0,0,0,0,0,NA,0,NA,NA,0,0,0,0,0,0,0,0,0,0,0,0
"25514","Dominica","DMA","","","NAT_TOTAL",2020-02-06,0,NA,0,NA,0,NA,0,NA,0,NA,0,NA,0,NA,0,0,NA,0,0,0,0,NA,0,0,0,0,0,NA,0,NA,NA,0,0,0,0,0,0,0,0,0,0,0,0
"25515","Dominica","DMA","","","NAT_TOTAL",2020-02-07,0,NA,0,NA,0,NA,0,NA,0,NA,0,NA,0,NA,0,0,NA,0,0,0,0,NA,0,0,0,0,0,NA,0,NA,NA,0,0,0,0,0,0,0,0,0,0,0,0
"25516","Dominica","DMA","","","NAT_TOTAL",2020-02-08,0,NA,0,NA,0,NA,0,NA,0,NA,0,NA,0,NA,0,0,NA,0,0,0,0,NA,0,0,0,0,0,NA,0,NA,NA,0,0,0,0,0,0,0,0,0,0,0,0
"25517","Dominica","DMA","","","NAT_TOTAL",2020-02-09,0,NA,0,NA,0,NA,0,NA,0,NA,0,NA,0,NA,0,0,NA,0,0,0,0,NA,0,0,0,0,0,NA,0,NA,NA,0,0,0,0,0,0,0,0,0,0,0,0
"25518","Dominica","DMA","","","NAT_TOTAL",2020-02-10,0,NA,0,NA,0,NA,0,NA,0,NA,0,NA,0,NA,0,0,NA,0,0,0,0,NA,0,0,0,0,0,NA,0,NA,NA,0,0,0,0,0,0,0,0,0,0,0,0
"25519","Dominica","DMA","","","NAT_TOTAL",2020-02-11,0,NA,0,NA,0,NA,0,NA,0,NA,0,NA,0,NA,0,0,NA,0,0,0,0,NA,0,0,0,0,0,NA,0,NA,NA,0,0,0,0,0,0,0,0,0,0,0,0
"25520","Dominica","DMA","","","NAT_TOTAL",2020-02-12,0,NA,0,NA,0,NA,0,NA,0,NA,0,NA,0,NA,0,0,NA,0,0,0,0,NA,0,0,0,0,0,NA,0,NA,NA,0,0,0,0,0,0,0,0,0,0,0,0
"25521","Dominica","DMA","","","NAT_TOTAL",2020-02-13,0,NA,0,NA,0,NA,0,NA,0,NA,0,NA,0,NA,0,0,NA,0,0,0,0,NA,0,0,0,0,0,NA,0,NA,NA,0,0,0,0,0,0,0,0,0,0,0,0
"25522","Dominica","DMA","","","NAT_TOTAL",2020-02-14,0,NA,0,NA,0,NA,0,NA,0,NA,0,NA,0,NA,0,0,NA,0,0,0,0,NA,0,0,0,0,0,NA,0,NA,NA,0,0,0,0,0,0,0,0,0,0,0,0
"25523","Dominica","DMA","","","NAT_TOTAL",2020-02-15,0,NA,0,NA,0,NA,0,NA,0,NA,0,NA,0,NA,0,0,NA,0,0,0,0,NA,0,0,0,0,0,NA,0,NA,NA,0,0,0,0,0,0,0,0,0,0,0,0
"25524","Dominica","DMA","","","NAT_TOTAL",2020-02-16,0,NA,0,NA,0,NA,0,NA,0,NA,0,NA,0,NA,0,0,NA,0,0,0,0,NA,0,0,0,0,0,NA,0,NA,NA,0,0,0,0,0,0,0,0,0,0,0,0
"25525","Dominica","DMA","","","NAT_TOTAL",2020-02-17,0,NA,0,NA,0,NA,0,NA,0,NA,0,NA,0,NA,0,0,NA,0,0,0,0,NA,0,0,0,0,0,NA,0,NA,NA,0,0,0,0,0,0,0,0,0,0,0,0
"25526","Dominica","DMA","","","NAT_TOTAL",2020-02-18,0,NA,0,NA,0,NA,0,NA,0,NA,0,NA,0,NA,0,0,NA,0,0,0,0,NA,0,0,0,0,0,NA,0,NA,NA,0,0,0,0,0,0,0,0,0,0,0,0
"25527","Dominica","DMA","","","NAT_TOTAL",2020-02-19,0,NA,0,NA,0,NA,0,NA,0,NA,0,NA,0,NA,0,0,NA,0,0,0,0,NA,0,0,0,0,0,NA,0,NA,NA,0,0,0,0,0,0,0,0,0,0,0,0
"25528","Dominica","DMA","","","NAT_TOTAL",2020-02-20,0,NA,0,NA,0,NA,0,NA,0,NA,0,NA,0,NA,0,0,NA,0,0,0,0,NA,0,0,0,0,0,NA,0,NA,NA,0,0,0,0,0,0,0,0,0,0,0,0
"25529","Dominica","DMA","","","NAT_TOTAL",2020-02-21,0,NA,0,NA,0,NA,0,NA,0,NA,0,NA,0,NA,0,0,NA,0,0,0,0,NA,0,0,0,0,0,NA,0,NA,NA,0,0,0,0,0,0,0,0,0,0,0,0
"25530","Dominica","DMA","","","NAT_TOTAL",2020-02-22,0,NA,0,NA,0,NA,0,NA,0,NA,0,NA,0,NA,0,0,NA,0,0,0,0,NA,0,0,0,0,0,NA,0,NA,NA,0,0,0,0,0,0,0,0,0,0,0,0
"25531","Dominica","DMA","","","NAT_TOTAL",2020-02-23,0,NA,0,NA,0,NA,0,NA,0,NA,0,NA,0,NA,0,0,NA,0,0,0,0,NA,0,0,0,0,0,NA,0,NA,NA,0,0,0,0,0,0,0,0,0,0,0,0
"25532","Dominica","DMA","","","NAT_TOTAL",2020-02-24,0,NA,0,NA,0,NA,0,NA,0,NA,0,NA,0,NA,0,0,NA,0,0,0,0,NA,0,0,0,0,0,NA,0,NA,NA,0,0,0,0,0,0,0,0,0,0,0,0
"25533","Dominica","DMA","","","NAT_TOTAL",2020-02-25,0,NA,0,NA,0,NA,0,NA,0,NA,0,NA,0,NA,0,0,NA,0,0,0,0,NA,0,0,0,0,0,NA,0,NA,NA,0,0,0,0,0,0,0,0,0,0,0,0
"25534","Dominica","DMA","","","NAT_TOTAL",2020-02-26,0,NA,0,NA,0,NA,0,NA,0,NA,0,NA,0,NA,0,0,NA,0,0,0,0,NA,0,0,0,0,0,NA,0,NA,NA,0,0,0,0,0,0,0,0,0,0,0,0
"25535","Dominica","DMA","","","NAT_TOTAL",2020-02-27,0,NA,0,NA,0,NA,0,NA,0,NA,0,NA,0,NA,0,0,NA,0,0,0,0,NA,0,0,0,0,0,NA,0,NA,NA,0,0,0,0,0,0,0,0,0,0,0,0
"25536","Dominica","DMA","","","NAT_TOTAL",2020-02-28,0,NA,0,NA,0,NA,0,NA,0,NA,0,NA,0,NA,0,0,NA,0,0,0,0,NA,0,0,0,0,0,NA,0,NA,NA,0,0,0,0,0,0,0,0,0,0,0,0
"25537","Dominica","DMA","","","NAT_TOTAL",2020-02-29,0,NA,0,NA,0,NA,0,NA,0,NA,0,NA,0,NA,0,0,NA,0,0,0,0,NA,0,0,0,0,0,NA,0,NA,NA,0,0,0,0,0,0,0,0,0,0,0,0
"25538","Dominica","DMA","","","NAT_TOTAL",2020-03-01,0,NA,0,NA,0,NA,0,NA,0,NA,0,NA,0,NA,0,0,NA,0,0,0,0,NA,0,0,0,0,0,NA,0,NA,NA,0,0,0,0,0,0,0,0,0,0,0,0
"25539","Dominica","DMA","","","NAT_TOTAL",2020-03-02,0,NA,0,NA,0,NA,0,NA,0,NA,0,NA,0,NA,0,0,NA,0,0,0,0,NA,0,0,0,0,0,NA,0,NA,NA,0,0,0,0,0,0,0,0,0,0,0,0
"25540","Dominica","DMA","","","NAT_TOTAL",2020-03-03,0,NA,0,NA,0,NA,0,NA,0,NA,0,NA,0,NA,0,0,NA,0,0,0,0,NA,0,0,0,0,0,NA,0,NA,NA,0,0,0,0,0,0,0,0,0,0,0,0
"25541","Dominica","DMA","","","NAT_TOTAL",2020-03-04,0,NA,0,NA,0,NA,0,NA,0,NA,0,NA,0,NA,0,0,NA,0,0,0,0,NA,0,0,0,0,0,NA,0,NA,NA,0,0,0,0,0,0,0,0,0,0,0,0
"25542","Dominica","DMA","","","NAT_TOTAL",2020-03-05,0,NA,0,NA,0,NA,0,NA,0,NA,0,NA,0,NA,0,0,NA,0,0,0,0,NA,0,0,0,0,0,NA,0,NA,NA,0,0,0,0,0,0,0,0,0,0,0,0
"25543","Dominica","DMA","","","NAT_TOTAL",2020-03-06,0,NA,0,NA,0,NA,0,NA,0,NA,0,NA,0,NA,0,0,NA,0,0,0,0,NA,0,0,0,0,0,NA,0,NA,NA,0,0,0,0,0,0,0,0,0,0,0,0
"25544","Dominica","DMA","","","NAT_TOTAL",2020-03-07,0,NA,0,NA,0,NA,0,NA,0,NA,0,NA,0,NA,0,0,NA,0,0,0,0,NA,0,0,0,0,0,NA,0,NA,NA,0,0,0,0,0,0,0,0,0,0,0,0
"25545","Dominica","DMA","","","NAT_TOTAL",2020-03-08,0,NA,0,NA,0,NA,0,NA,0,NA,0,NA,0,NA,0,0,NA,0,0,0,0,NA,0,0,0,0,0,NA,0,NA,NA,0,0,0,0,0,0,0,0,0,0,0,0
"25546","Dominica","DMA","","","NAT_TOTAL",2020-03-09,0,NA,0,NA,0,NA,0,NA,0,NA,0,NA,0,NA,0,0,NA,0,0,0,0,NA,0,0,0,0,0,NA,0,NA,NA,0,0,0,0,0,0,0,0,0,0,0,0
"25547","Dominica","DMA","","","NAT_TOTAL",2020-03-10,0,NA,0,NA,0,NA,0,NA,0,NA,0,NA,0,NA,0,0,NA,0,0,0,0,NA,0,0,0,0,0,NA,0,NA,NA,0,0,0,0,0,0,0,0,0,0,0,0
"25548","Dominica","DMA","","","NAT_TOTAL",2020-03-11,0,NA,0,NA,0,NA,0,NA,0,NA,0,NA,0,NA,0,0,NA,0,0,0,0,NA,0,0,0,0,0,NA,0,NA,NA,0,0,0,0,0,0,0,0,0,0,0,0
"25549","Dominica","DMA","","","NAT_TOTAL",2020-03-12,0,NA,0,NA,0,NA,0,NA,0,NA,0,NA,0,NA,0,0,NA,0,0,0,0,NA,0,0,0,0,0,NA,0,NA,NA,0,0,0,0,0,0,0,0,0,0,0,0
"25550","Dominica","DMA","","","NAT_TOTAL",2020-03-13,0,NA,0,NA,0,NA,0,NA,0,NA,0,NA,0,NA,0,0,NA,0,0,0,0,NA,0,0,0,0,0,NA,0,NA,NA,0,0,0,0,0,0,0,0,0,0,0,0
"25551","Dominica","DMA","","","NAT_TOTAL",2020-03-14,0,NA,0,NA,0,NA,0,NA,0,NA,0,NA,0,NA,0,0,NA,0,0,0,0,NA,0,0,0,0,0,NA,0,NA,NA,0,0,0,0,0,0,0,0,0,0,0,0
"25552","Dominica","DMA","","","NAT_TOTAL",2020-03-15,0,NA,0,NA,0,NA,0,NA,0,NA,0,NA,0,NA,0,0,NA,0,0,0,0,NA,0,0,0,0,0,NA,0,NA,NA,0,0,0,0,0,0,0,0,0,0,0,0
"25553","Dominica","DMA","","","NAT_TOTAL",2020-03-16,0,NA,0,NA,0,NA,0,NA,0,NA,0,NA,0,NA,0,0,NA,0,0,0,0,NA,0,0,0,0,0,NA,0,NA,NA,0,0,0,0,0,0,0,0,0,0,0,0
"25554","Dominica","DMA","","","NAT_TOTAL",2020-03-17,0,NA,0,NA,0,NA,0,NA,0,NA,0,NA,0,NA,0,0,NA,0,0,0,0,NA,0,0,0,0,0,NA,0,NA,NA,0,0,0,0,0,0,0,0,0,0,0,0
"25555","Dominica","DMA","","","NAT_TOTAL",2020-03-18,0,NA,0,NA,0,NA,0,NA,0,NA,0,NA,0,NA,0,0,NA,0,0,0,0,NA,0,0,0,0,0,NA,0,NA,NA,0,0,0,0,0,0,0,0,0,0,0,0
"25556","Dominica","DMA","","","NAT_TOTAL",2020-03-19,0,NA,0,NA,0,NA,0,NA,0,NA,0,NA,0,NA,0,0,NA,0,0,0,0,NA,0,0,0,0,0,NA,0,NA,NA,0,0,0,0,0,0,0,0,0,0,0,0
"25557","Dominica","DMA","","","NAT_TOTAL",2020-03-20,0,NA,0,NA,0,NA,0,NA,0,NA,0,NA,0,NA,0,0,NA,0,0,0,0,NA,0,0,0,0,0,NA,0,NA,NA,0,0,0,0,0,0,0,0,0,0,0,0
"25558","Dominica","DMA","","","NAT_TOTAL",2020-03-21,0,NA,0,NA,0,NA,0,NA,0,NA,0,NA,0,NA,0,0,NA,0,0,0,0,NA,0,0,0,0,0,NA,0,NA,NA,0,0,0,0,0,0,0,0,0,0,0,0
"25559","Dominica","DMA","","","NAT_TOTAL",2020-03-22,0,NA,0,NA,0,NA,0,NA,0,NA,0,NA,0,NA,1,0,NA,0,0,0,2,1,2,2,0,0,0,NA,0,NA,NA,1,0,13.89,13.89,17.86,17.86,19.44,19.44,22.44,22.44,0,0
"25560","Dominica","DMA","","","NAT_TOTAL",2020-03-23,3,1,0,NA,0,NA,0,NA,0,NA,0,NA,0,NA,1,0,NA,0,0,0,2,1,2,2,0,0,0,NA,0,NA,NA,2,0,25,25,32.14,32.14,26.11,26.11,30.13,30.13,0,0
"25561","Dominica","DMA","","","NAT_TOTAL",2020-03-24,3,1,0,NA,0,NA,0,NA,0,NA,0,NA,0,NA,1,0,NA,0,0,0,2,1,2,2,0,0,0,NA,0,NA,NA,2,0,25,25,32.14,32.14,26.11,26.11,30.13,30.13,0,0
"25562","Dominica","DMA","","","NAT_TOTAL",2020-03-25,3,1,0,NA,0,NA,0,NA,0,NA,0,NA,0,NA,1,0,NA,0,0,0,2,1,2,2,0,0,0,NA,0,NA,NA,7,0,25,25,32.14,32.14,26.11,26.11,30.13,30.13,0,0
"25563","Dominica","DMA","","","NAT_TOTAL",2020-03-26,3,1,0,NA,0,NA,0,NA,0,NA,0,NA,0,NA,1,0,NA,0,0,0,2,1,2,2,0,0,0,NA,0,NA,NA,11,0,25,25,32.14,32.14,26.11,26.11,30.13,30.13,0,0
"25564","Dominica","DMA","","","NAT_TOTAL",2020-03-27,3,1,0,NA,0,NA,0,NA,0,NA,0,NA,0,NA,1,0,NA,0,0,0,2,1,2,2,0,0,0,NA,0,NA,NA,11,0,25,25,32.14,32.14,26.11,26.11,30.13,30.13,0,0
"25565","Dominica","DMA","","","NAT_TOTAL",2020-03-28,3,1,0,NA,0,NA,0,NA,0,NA,0,NA,0,NA,3,0,NA,0,0,0,2,1,2,2,0,0,0,NA,0,NA,NA,11,0,30.56,30.56,39.29,39.29,29.44,29.44,33.97,33.97,0,0
"25566","Dominica","DMA","","","NAT_TOTAL",2020-03-29,3,1,0,NA,0,NA,0,NA,0,NA,0,NA,0,NA,3,0,NA,0,0,0,2,1,2,2,0,0,0,NA,0,NA,NA,11,0,30.56,30.56,39.29,39.29,29.44,29.44,33.97,33.97,0,0
"25567","Dominica","DMA","","","NAT_TOTAL",2020-03-30,3,1,0,NA,0,NA,0,NA,0,NA,0,NA,0,NA,3,0,NA,0,0,0,2,1,2,2,0,0,0,NA,0,NA,NA,11,0,30.56,30.56,39.29,39.29,29.44,29.44,33.97,33.97,0,0
"25568","Dominica","DMA","","","NAT_TOTAL",2020-03-31,3,1,0,NA,0,NA,0,NA,0,NA,0,NA,0,NA,3,0,NA,0,0,0,2,1,2,2,0,0,0,NA,0,NA,NA,12,0,30.56,30.56,39.29,39.29,29.44,29.44,33.97,33.97,0,0
"25569","Dominica","DMA","","","NAT_TOTAL",2020-04-01,3,1,3,1,2,1,4,1,0,NA,2,1,1,1,4,0,NA,0,0,0,2,1,2,2,0,0,0,NA,0,NA,NA,12,0,79.63,79.63,82.14,82.14,58.89,58.89,67.95,67.95,0,0
"25570","Dominica","DMA","","","NAT_TOTAL",2020-04-02,3,1,3,1,2,1,4,1,0,NA,2,1,1,1,4,0,NA,0,0,0,2,1,2,2,0,0,0,NA,0,NA,NA,12,0,79.63,79.63,82.14,82.14,58.89,58.89,67.95,67.95,0,0
"25571","Dominica","DMA","","","NAT_TOTAL",2020-04-03,3,1,3,1,2,1,4,1,0,NA,2,1,1,1,4,0,NA,0,0,0,2,1,2,2,0,0,0,NA,0,NA,NA,12,0,79.63,79.63,82.14,82.14,58.89,58.89,67.95,67.95,0,0
"25572","Dominica","DMA","","","NAT_TOTAL",2020-04-04,3,1,3,1,2,1,4,1,0,NA,2,1,1,1,4,0,NA,0,0,0,2,1,2,2,0,0,0,NA,0,NA,NA,14,0,79.63,79.63,82.14,82.14,58.89,58.89,67.95,67.95,0,0
"25573","Dominica","DMA","","","NAT_TOTAL",2020-04-05,3,1,3,1,2,1,4,1,0,NA,2,1,1,1,4,0,NA,0,0,0,2,1,2,2,0,0,0,NA,0,NA,NA,14,0,79.63,79.63,82.14,82.14,58.89,58.89,67.95,67.95,0,0
"25574","Dominica","DMA","","","NAT_TOTAL",2020-04-06,3,1,3,1,2,1,4,1,0,NA,2,1,1,1,4,0,NA,0,0,0,2,1,2,2,0,0,0,NA,0,NA,NA,15,0,79.63,79.63,82.14,82.14,58.89,58.89,67.95,67.95,0,0
"25575","Dominica","DMA","","","NAT_TOTAL",2020-04-07,3,1,3,1,2,1,4,1,0,NA,2,1,1,1,4,0,NA,0,0,0,2,1,2,2,0,0,0,NA,0,NA,NA,15,0,79.63,79.63,82.14,82.14,58.89,58.89,67.95,67.95,0,0
"25576","Dominica","DMA","","","NAT_TOTAL",2020-04-08,3,1,3,1,2,1,4,1,0,NA,2,1,1,1,4,0,NA,0,0,0,2,1,2,2,0,0,0,NA,0,NA,NA,15,0,79.63,79.63,82.14,82.14,58.89,58.89,67.95,67.95,0,0
"25577","Dominica","DMA","","","NAT_TOTAL",2020-04-09,3,1,3,1,2,1,4,1,0,NA,2,1,1,1,4,0,NA,0,0,0,2,1,2,2,0,0,0,NA,0,NA,NA,15,0,79.63,79.63,82.14,82.14,58.89,58.89,67.95,67.95,0,0
"25578","Dominica","DMA","","","NAT_TOTAL",2020-04-10,3,1,3,1,2,1,4,1,0,NA,2,1,1,1,4,0,NA,0,0,0,2,1,2,2,0,0,0,NA,0,NA,NA,16,0,79.63,79.63,82.14,82.14,58.89,58.89,67.95,67.95,0,0
"25579","Dominica","DMA","","","NAT_TOTAL",2020-04-11,3,1,3,1,2,1,4,1,0,NA,2,1,1,1,4,0,NA,0,0,0,2,1,2,2,0,0,0,NA,0,NA,NA,16,0,79.63,79.63,82.14,82.14,58.89,58.89,67.95,67.95,0,0
"25580","Dominica","DMA","","","NAT_TOTAL",2020-04-12,3,1,3,1,2,1,4,1,0,NA,2,1,1,1,4,0,NA,0,0,0,2,1,2,2,0,0,0,NA,0,NA,NA,16,0,79.63,79.63,82.14,82.14,58.89,58.89,67.95,67.95,0,0
"25581","Dominica","DMA","","","NAT_TOTAL",2020-04-13,3,1,3,1,2,1,4,1,0,NA,2,1,1,1,4,0,NA,0,0,0,2,1,2,2,0,0,0,NA,0,NA,NA,16,0,79.63,79.63,82.14,82.14,58.89,58.89,67.95,67.95,0,0
"25582","Dominica","DMA","","","NAT_TOTAL",2020-04-14,3,1,3,1,2,1,4,1,0,NA,2,1,1,1,4,0,NA,0,0,0,2,1,2,2,0,0,0,NA,0,NA,NA,16,0,79.63,79.63,82.14,82.14,58.89,58.89,67.95,67.95,0,0
"25583","Dominica","DMA","","","NAT_TOTAL",2020-04-15,3,1,3,1,2,1,4,1,0,NA,2,1,1,1,4,0,NA,0,0,0,2,1,2,2,0,0,0,NA,0,NA,NA,16,0,79.63,79.63,82.14,82.14,58.89,58.89,67.95,67.95,0,0
"25584","Dominica","DMA","","","NAT_TOTAL",2020-04-16,3,1,3,1,2,1,4,1,0,NA,2,1,1,1,4,0,NA,0,0,0,2,1,2,2,0,0,3,1,0,NA,NA,16,0,79.63,79.63,82.14,82.14,63.89,63.89,73.72,73.72,0,0
"25585","Dominica","DMA","","","NAT_TOTAL",2020-04-17,3,1,3,1,2,1,4,1,0,NA,2,1,1,1,4,0,NA,0,0,0,2,1,2,2,0,0,3,1,0,NA,NA,16,0,79.63,79.63,82.14,82.14,63.89,63.89,73.72,73.72,0,0
"25586","Dominica","DMA","","","NAT_TOTAL",2020-04-18,3,1,3,1,2,1,4,1,0,NA,2,1,1,1,4,0,NA,0,0,0,2,1,2,2,0,0,3,1,0,NA,NA,16,0,79.63,79.63,82.14,82.14,63.89,63.89,73.72,73.72,0,0
"25587","Dominica","DMA","","","NAT_TOTAL",2020-04-19,3,1,3,1,2,1,4,1,0,NA,2,1,1,1,4,0,NA,0,0,0,2,1,2,2,0,0,3,1,0,NA,NA,16,0,79.63,79.63,82.14,82.14,63.89,63.89,73.72,73.72,0,0
"25588","Dominica","DMA","","","NAT_TOTAL",2020-04-20,3,1,3,1,2,1,4,1,0,NA,2,1,1,1,4,0,NA,0,0,0,2,1,3,2,0,0,3,1,0,NA,NA,16,0,79.63,79.63,82.14,82.14,66.11,66.11,76.28,76.28,0,0
"25589","Dominica","DMA","","","NAT_TOTAL",2020-04-21,3,1,3,1,2,1,4,1,0,NA,2,1,1,1,4,0,NA,0,0,0,2,1,3,2,0,0,3,1,0,NA,NA,16,0,79.63,79.63,82.14,82.14,66.11,66.11,76.28,76.28,0,0
"25590","Dominica","DMA","","","NAT_TOTAL",2020-04-22,3,1,3,1,2,1,4,1,0,NA,2,1,1,1,4,0,NA,0,0,0,2,1,3,2,0,0,3,1,0,NA,NA,16,0,79.63,79.63,82.14,82.14,66.11,66.11,76.28,76.28,0,0
"25591","Dominica","DMA","","","NAT_TOTAL",2020-04-23,3,1,3,1,2,1,4,1,0,NA,2,1,1,1,4,0,NA,0,0,0,2,1,3,2,0,0,3,1,0,NA,NA,16,0,79.63,79.63,82.14,82.14,66.11,66.11,76.28,76.28,0,0
"25592","Dominica","DMA","","","NAT_TOTAL",2020-04-24,3,1,3,1,2,1,4,1,0,NA,2,1,1,1,4,0,NA,0,0,0,2,1,3,2,0,0,3,1,0,NA,NA,16,0,79.63,79.63,82.14,82.14,66.11,66.11,76.28,76.28,0,0
"25593","Dominica","DMA","","","NAT_TOTAL",2020-04-25,3,1,3,1,2,1,4,1,0,NA,2,1,1,1,4,0,NA,0,0,0,2,1,3,2,0,0,3,1,0,NA,NA,16,0,79.63,79.63,82.14,82.14,66.11,66.11,76.28,76.28,0,0
"25594","Dominica","DMA","","","NAT_TOTAL",2020-04-26,3,1,3,1,2,1,4,1,0,NA,2,1,1,1,4,0,NA,0,0,0,2,1,3,2,0,0,3,1,0,NA,NA,16,0,79.63,79.63,82.14,82.14,66.11,66.11,76.28,76.28,0,0
"25595","Dominica","DMA","","","NAT_TOTAL",2020-04-27,3,1,3,1,2,1,4,1,0,NA,2,1,1,1,4,0,NA,0,0,0,2,1,3,2,0,0,3,1,0,NA,NA,16,0,79.63,79.63,82.14,82.14,66.11,66.11,76.28,76.28,0,0
"25596","Dominica","DMA","","","NAT_TOTAL",2020-04-28,3,1,3,1,2,1,4,1,0,NA,2,1,1,1,4,0,NA,0,0,0,2,1,3,2,0,0,3,1,0,NA,NA,16,0,79.63,79.63,82.14,82.14,66.11,66.11,76.28,76.28,0,0
"25597","Dominica","DMA","","","NAT_TOTAL",2020-04-29,3,1,3,1,2,1,4,1,0,NA,2,1,1,1,4,0,NA,0,0,0,2,1,3,2,0,0,3,1,0,NA,NA,16,0,79.63,79.63,82.14,82.14,66.11,66.11,76.28,76.28,0,0
"25598","Dominica","DMA","","","NAT_TOTAL",2020-04-30,3,1,3,1,2,1,4,1,0,NA,2,1,1,1,4,0,NA,0,0,0,2,1,3,2,0,0,3,1,0,NA,NA,16,0,79.63,79.63,82.14,82.14,66.11,66.11,76.28,76.28,0,0
"25599","Dominica","DMA","","","NAT_TOTAL",2020-05-01,3,1,3,1,2,1,4,1,0,NA,2,1,1,1,4,0,NA,0,0,0,2,1,3,2,0,0,3,1,0,NA,NA,16,0,79.63,79.63,82.14,82.14,66.11,66.11,76.28,76.28,0,0
"25600","Dominica","DMA","","","NAT_TOTAL",2020-05-02,3,1,3,1,2,1,4,1,0,NA,2,1,1,1,4,0,NA,0,0,0,2,1,3,2,0,0,3,1,0,NA,NA,16,0,79.63,79.63,82.14,82.14,66.11,66.11,76.28,76.28,0,0
"25601","Dominica","DMA","","","NAT_TOTAL",2020-05-03,3,1,3,1,2,1,4,1,0,NA,2,1,1,1,4,0,NA,0,0,0,2,1,3,2,0,0,3,1,0,NA,NA,16,0,79.63,79.63,82.14,82.14,66.11,66.11,76.28,76.28,0,0
"25602","Dominica","DMA","","","NAT_TOTAL",2020-05-04,3,1,3,1,2,1,4,1,0,NA,2,1,1,1,4,0,NA,0,0,0,2,1,3,2,0,0,3,1,0,NA,NA,16,0,79.63,79.63,82.14,82.14,66.11,66.11,76.28,76.28,0,0
"25603","Dominica","DMA","","","NAT_TOTAL",2020-05-05,3,1,3,1,2,1,4,1,0,NA,2,1,1,1,4,0,NA,0,0,0,2,1,3,2,0,0,3,1,0,NA,NA,16,0,79.63,79.63,82.14,82.14,66.11,66.11,76.28,76.28,0,0
"25604","Dominica","DMA","","","NAT_TOTAL",2020-05-06,3,1,3,1,2,1,4,1,0,NA,2,1,1,1,4,0,NA,0,0,0,2,1,3,2,0,0,3,1,0,NA,NA,16,0,79.63,79.63,82.14,82.14,66.11,66.11,76.28,76.28,0,0
"25605","Dominica","DMA","","","NAT_TOTAL",2020-05-07,3,1,2,1,2,1,4,1,0,NA,2,1,1,1,4,0,NA,0,0,0,2,1,3,2,0,0,3,1,0,NA,NA,16,0,75.93,75.93,78.57,78.57,63.89,63.89,73.72,73.72,0,0
"25606","Dominica","DMA","","","NAT_TOTAL",2020-05-08,3,1,2,1,2,1,4,1,0,NA,2,1,1,1,4,0,NA,0,0,0,2,1,3,2,0,0,3,1,0,NA,NA,16,0,75.93,75.93,78.57,78.57,63.89,63.89,73.72,73.72,0,0
"25607","Dominica","DMA","","","NAT_TOTAL",2020-05-09,3,1,2,1,2,1,4,1,0,NA,2,1,1,1,4,0,NA,0,0,0,2,1,3,2,0,0,3,1,0,NA,NA,16,0,75.93,75.93,78.57,78.57,63.89,63.89,73.72,73.72,0,0
"25608","Dominica","DMA","","","NAT_TOTAL",2020-05-10,3,1,2,1,2,1,4,1,0,NA,2,1,1,1,4,0,NA,0,0,0,2,1,3,2,0,0,3,1,0,NA,NA,16,0,75.93,75.93,78.57,78.57,63.89,63.89,73.72,73.72,0,0
"25609","Dominica","DMA","","","NAT_TOTAL",2020-05-11,3,1,2,1,2,1,4,1,0,NA,2,1,1,1,4,0,NA,0,0,0,2,1,3,2,0,0,3,1,0,NA,NA,16,0,75.93,75.93,78.57,78.57,63.89,63.89,73.72,73.72,0,0
"25610","Dominica","DMA","","","NAT_TOTAL",2020-05-12,3,1,2,1,2,1,4,1,0,NA,1,1,1,1,4,0,NA,0,0,0,2,1,3,2,0,0,3,1,0,NA,NA,16,0,72.22,72.22,77.38,77.38,61.67,61.67,71.15,71.15,0,0
"25611","Dominica","DMA","","","NAT_TOTAL",2020-05-13,3,1,2,1,2,1,4,1,0,NA,1,1,1,1,4,0,NA,0,0,0,2,1,3,2,0,0,3,1,0,NA,NA,16,0,72.22,72.22,77.38,77.38,61.67,61.67,71.15,71.15,0,0
"25612","Dominica","DMA","","","NAT_TOTAL",2020-05-14,3,1,2,1,2,1,4,1,0,NA,1,1,1,1,4,0,NA,0,0,0,2,1,3,2,0,0,3,1,0,NA,NA,16,0,72.22,72.22,77.38,77.38,61.67,61.67,71.15,71.15,0,0
"25613","Dominica","DMA","","","NAT_TOTAL",2020-05-15,3,1,2,1,2,1,4,1,0,NA,1,1,1,1,4,0,NA,0,0,0,2,1,3,2,0,0,3,1,0,NA,NA,16,0,72.22,72.22,77.38,77.38,61.67,61.67,71.15,71.15,0,0
"25614","Dominica","DMA","","","NAT_TOTAL",2020-05-16,3,1,2,1,2,1,4,1,0,NA,1,1,1,1,4,0,NA,0,0,0,2,1,3,2,0,0,3,1,0,NA,NA,16,0,72.22,72.22,77.38,77.38,61.67,61.67,71.15,71.15,0,0
"25615","Dominica","DMA","","","NAT_TOTAL",2020-05-17,3,1,2,1,2,1,4,1,0,NA,1,1,1,1,4,0,NA,0,0,0,2,1,3,2,0,0,3,1,0,NA,NA,16,0,72.22,72.22,77.38,77.38,61.67,61.67,71.15,71.15,0,0
"25616","Dominica","DMA","","","NAT_TOTAL",2020-05-18,3,1,2,1,2,1,4,1,0,NA,1,1,1,1,4,0,NA,0,0,0,2,1,3,2,0,0,3,1,0,NA,NA,16,0,72.22,72.22,77.38,77.38,61.67,61.67,71.15,71.15,0,0
"25617","Dominica","DMA","","","NAT_TOTAL",2020-05-19,3,1,2,1,2,1,4,1,0,NA,1,1,1,1,4,1,1,2,8e+06,0,2,1,3,2,0,0,3,1,0,NA,NA,16,0,72.22,72.22,77.38,77.38,71.67,71.67,71.15,71.15,75,75
"25618","Dominica","DMA","","","NAT_TOTAL",2020-05-20,3,1,2,1,2,1,4,1,0,NA,1,1,1,1,4,1,1,2,0,0,2,1,3,2,0,0,3,1,0,NA,NA,16,0,72.22,72.22,77.38,77.38,71.67,71.67,71.15,71.15,75,75
"25619","Dominica","DMA","","","NAT_TOTAL",2020-05-21,3,1,2,1,2,1,4,1,0,NA,1,1,1,1,4,1,1,2,0,0,2,1,3,2,0,0,3,1,0,NA,NA,16,0,72.22,72.22,77.38,77.38,71.67,71.67,71.15,71.15,75,75
"25620","Dominica","DMA","","","NAT_TOTAL",2020-05-22,3,1,2,1,2,1,4,1,0,NA,1,1,1,1,4,1,1,2,0,0,2,1,3,2,0,0,3,1,0,NA,NA,16,0,72.22,72.22,77.38,77.38,71.67,71.67,71.15,71.15,75,75
"25621","Dominica","DMA","","","NAT_TOTAL",2020-05-23,3,1,2,1,2,1,4,1,0,NA,1,1,1,1,4,1,1,2,0,0,2,1,3,2,0,0,3,1,0,NA,NA,16,0,72.22,72.22,77.38,77.38,71.67,71.67,71.15,71.15,75,75
"25622","Dominica","DMA","","","NAT_TOTAL",2020-05-24,3,1,2,1,2,1,4,1,0,NA,1,1,1,1,4,1,1,2,0,0,2,1,3,2,0,0,3,1,0,NA,NA,16,0,72.22,72.22,77.38,77.38,71.67,71.67,71.15,71.15,75,75
"25623","Dominica","DMA","","","NAT_TOTAL",2020-05-25,3,1,2,1,2,1,4,1,0,NA,1,1,1,1,4,1,1,2,0,0,2,1,3,2,0,0,3,1,0,NA,NA,16,0,72.22,72.22,77.38,77.38,71.67,71.67,71.15,71.15,75,75
"25624","Dominica","DMA","","","NAT_TOTAL",2020-05-26,3,1,2,1,2,1,4,1,0,NA,1,1,1,1,4,1,1,2,0,0,2,1,3,2,0,0,3,1,0,NA,NA,16,0,72.22,72.22,77.38,77.38,71.67,71.67,71.15,71.15,75,75
"25625","Dominica","DMA","","","NAT_TOTAL",2020-05-27,3,1,2,1,2,1,4,1,0,NA,1,1,1,1,4,1,1,2,0,0,2,1,3,2,0,0,3,1,0,NA,NA,16,0,72.22,72.22,77.38,77.38,71.67,71.67,71.15,71.15,75,75
"25626","Dominica","DMA","","","NAT_TOTAL",2020-05-28,3,1,2,1,2,1,4,1,0,NA,1,1,1,1,4,1,1,2,0,0,2,1,3,2,0,0,3,1,0,NA,NA,16,0,72.22,72.22,77.38,77.38,71.67,71.67,71.15,71.15,75,75
"25627","Dominica","DMA","","","NAT_TOTAL",2020-05-29,3,1,2,1,2,1,4,1,0,NA,1,1,1,1,4,1,1,2,0,0,2,1,3,2,0,0,3,1,0,NA,NA,16,0,72.22,72.22,77.38,77.38,71.67,71.67,71.15,71.15,75,75
"25628","Dominica","DMA","","","NAT_TOTAL",2020-05-30,3,1,2,1,2,1,4,1,0,NA,1,1,1,1,4,1,1,2,0,0,2,1,3,2,0,0,3,1,0,NA,NA,16,0,72.22,72.22,77.38,77.38,71.67,71.67,71.15,71.15,75,75
"25629","Dominica","DMA","","","NAT_TOTAL",2020-05-31,3,1,2,1,2,1,4,1,0,NA,1,1,1,1,4,1,1,2,0,0,2,1,3,2,0,0,3,1,0,NA,NA,16,0,72.22,72.22,77.38,77.38,71.67,71.67,71.15,71.15,75,75
"25630","Dominica","DMA","","","NAT_TOTAL",2020-06-01,3,1,2,1,2,1,4,1,0,NA,1,1,1,1,4,1,1,2,0,0,2,1,3,2,0,0,3,1,0,NA,NA,16,0,72.22,72.22,77.38,77.38,71.67,71.67,71.15,71.15,75,75
"25631","Dominica","DMA","","","NAT_TOTAL",2020-06-02,3,1,2,1,2,1,4,1,0,NA,1,1,1,1,4,1,1,2,0,0,2,1,3,2,0,0,3,1,0,NA,NA,18,0,72.22,72.22,77.38,77.38,71.67,71.67,71.15,71.15,75,75
"25632","Dominica","DMA","","","NAT_TOTAL",2020-06-03,3,1,2,1,2,1,4,1,0,NA,1,1,1,1,4,1,1,2,0,0,2,1,3,2,0,0,3,1,0,NA,NA,18,0,72.22,72.22,77.38,77.38,71.67,71.67,71.15,71.15,75,75
"25633","Dominica","DMA","","","NAT_TOTAL",2020-06-04,3,1,2,1,2,1,4,1,0,NA,1,1,1,1,4,1,1,2,0,0,2,1,3,2,0,0,3,1,0,NA,NA,18,0,72.22,72.22,77.38,77.38,71.67,71.67,71.15,71.15,75,75
"25634","Dominica","DMA","","","NAT_TOTAL",2020-06-05,3,1,2,1,2,1,4,1,0,NA,1,1,1,1,4,1,1,2,0,0,2,1,3,2,0,0,3,1,0,NA,NA,18,0,72.22,72.22,77.38,77.38,71.67,71.67,71.15,71.15,75,75
"25635","Dominica","DMA","","","NAT_TOTAL",2020-06-06,3,1,2,1,2,1,4,1,0,NA,1,1,1,1,4,1,1,2,0,0,2,1,3,2,0,0,3,1,0,NA,NA,18,0,72.22,72.22,77.38,77.38,71.67,71.67,71.15,71.15,75,75
"25636","Dominica","DMA","","","NAT_TOTAL",2020-06-07,3,1,2,1,2,1,4,1,0,NA,1,1,1,1,4,1,1,2,0,0,2,1,3,2,0,0,3,1,0,NA,NA,18,0,72.22,72.22,77.38,77.38,71.67,71.67,71.15,71.15,75,75
"25637","Dominica","DMA","","","NAT_TOTAL",2020-06-08,3,1,2,1,2,1,4,1,0,NA,1,1,1,1,4,1,1,2,0,0,2,1,3,2,0,0,3,1,0,NA,NA,18,0,72.22,72.22,77.38,77.38,71.67,71.67,71.15,71.15,75,75
"25638","Dominica","DMA","","","NAT_TOTAL",2020-06-09,3,1,2,1,2,1,4,1,0,NA,1,1,1,1,4,1,1,2,0,0,2,1,3,2,0,0,3,1,0,NA,NA,18,0,72.22,72.22,77.38,77.38,71.67,71.67,71.15,71.15,75,75
"25639","Dominica","DMA","","","NAT_TOTAL",2020-06-10,3,1,2,1,2,1,4,1,0,NA,1,1,1,1,4,1,1,2,0,0,2,1,3,2,0,0,3,1,0,NA,NA,18,0,72.22,72.22,77.38,77.38,71.67,71.67,71.15,71.15,75,75
"25640","Dominica","DMA","","","NAT_TOTAL",2020-06-11,3,1,2,1,2,1,4,1,0,NA,1,1,1,1,4,1,1,2,0,0,2,1,3,2,0,0,3,1,0,NA,NA,18,0,72.22,72.22,77.38,77.38,71.67,71.67,71.15,71.15,75,75
"25641","Dominica","DMA","","","NAT_TOTAL",2020-06-12,3,1,2,1,2,1,4,1,0,NA,1,1,1,1,4,1,1,2,0,0,2,1,3,2,0,0,3,1,0,NA,NA,18,0,72.22,72.22,77.38,77.38,71.67,71.67,71.15,71.15,75,75
"25642","Dominica","DMA","","","NAT_TOTAL",2020-06-13,3,1,2,1,2,1,4,1,0,NA,1,1,1,1,4,1,1,2,0,0,2,1,3,2,0,0,3,1,0,NA,NA,18,0,72.22,72.22,77.38,77.38,71.67,71.67,71.15,71.15,75,75
"25643","Dominica","DMA","","","NAT_TOTAL",2020-06-14,3,1,2,1,2,1,4,1,0,NA,1,1,1,1,4,1,1,2,0,0,2,1,3,2,0,0,3,1,0,NA,NA,18,0,72.22,72.22,77.38,77.38,71.67,71.67,71.15,71.15,75,75
"25644","Dominica","DMA","","","NAT_TOTAL",2020-06-15,3,1,2,1,2,1,4,1,0,NA,1,1,1,1,4,1,1,2,0,0,2,1,3,2,0,0,3,1,0,NA,NA,18,0,72.22,72.22,77.38,77.38,71.67,71.67,71.15,71.15,75,75
"25645","Dominica","DMA","","","NAT_TOTAL",2020-06-16,3,1,2,1,2,1,4,1,0,NA,1,1,1,1,4,1,1,2,0,0,2,1,3,2,0,0,3,1,0,NA,NA,18,0,72.22,72.22,77.38,77.38,71.67,71.67,71.15,71.15,75,75
"25646","Dominica","DMA","","","NAT_TOTAL",2020-06-17,3,1,2,1,2,1,4,1,0,NA,1,1,1,1,4,1,1,2,0,0,2,1,3,2,0,0,3,1,0,NA,NA,18,0,72.22,72.22,77.38,77.38,71.67,71.67,71.15,71.15,75,75
"25647","Dominica","DMA","","","NAT_TOTAL",2020-06-18,3,1,2,1,2,1,4,1,0,NA,1,1,1,1,4,1,1,2,0,0,2,1,3,2,0,0,3,1,0,NA,NA,18,0,72.22,72.22,77.38,77.38,71.67,71.67,71.15,71.15,75,75
"25648","Dominica","DMA","","","NAT_TOTAL",2020-06-19,3,1,2,1,2,1,4,1,0,NA,1,1,1,1,4,1,1,2,0,0,2,1,3,2,0,0,3,1,0,NA,NA,18,0,72.22,72.22,77.38,77.38,71.67,71.67,71.15,71.15,75,75
"25649","Dominica","DMA","","","NAT_TOTAL",2020-06-20,3,1,2,1,2,1,4,1,0,NA,1,1,1,1,4,1,1,2,0,0,2,1,3,2,0,0,3,1,0,NA,NA,18,0,72.22,72.22,77.38,77.38,71.67,71.67,71.15,71.15,75,75
"25650","Dominica","DMA","","","NAT_TOTAL",2020-06-21,3,1,2,1,2,1,4,1,0,NA,1,1,1,1,4,1,1,2,0,0,2,1,3,2,0,0,3,1,0,NA,NA,18,0,72.22,72.22,77.38,77.38,71.67,71.67,71.15,71.15,75,75
"25651","Dominica","DMA","","","NAT_TOTAL",2020-06-22,3,1,2,1,2,1,4,1,0,NA,1,1,1,1,4,1,1,2,0,0,2,1,3,2,0,0,3,1,0,NA,NA,18,0,72.22,72.22,77.38,77.38,71.67,71.67,71.15,71.15,75,75
"25652","Dominica","DMA","","","NAT_TOTAL",2020-06-23,3,1,2,1,2,1,4,1,0,NA,1,1,1,1,4,1,1,2,0,0,2,1,3,2,0,0,3,1,0,NA,NA,18,0,72.22,72.22,77.38,77.38,71.67,71.67,71.15,71.15,75,75
"25653","Dominica","DMA","","","NAT_TOTAL",2020-06-24,3,1,2,1,2,1,4,1,0,NA,1,1,1,1,4,1,1,2,0,0,2,1,3,2,0,0,3,1,0,NA,NA,18,0,72.22,72.22,77.38,77.38,71.67,71.67,71.15,71.15,75,75
"25654","Dominica","DMA","","","NAT_TOTAL",2020-06-25,3,1,2,1,2,1,4,1,0,NA,1,1,1,1,4,1,1,2,0,0,2,1,3,2,0,0,3,1,0,NA,NA,18,0,72.22,72.22,77.38,77.38,71.67,71.67,71.15,71.15,75,75
"25655","Dominica","DMA","","","NAT_TOTAL",2020-06-26,3,1,2,1,2,1,4,1,0,NA,1,1,1,1,4,1,1,2,0,0,2,1,3,2,0,0,3,1,0,NA,NA,18,0,72.22,72.22,77.38,77.38,71.67,71.67,71.15,71.15,75,75
"25656","Dominica","DMA","","","NAT_TOTAL",2020-06-27,3,1,0,NA,1,1,2,1,0,NA,0,NA,0,NA,4,1,1,2,0,0,2,1,3,2,0,0,3,1,0,NA,NA,18,0,44.44,44.44,52.38,52.38,55,55,51.92,51.92,75,75
"25657","Dominica","DMA","","","NAT_TOTAL",2020-06-28,3,1,0,NA,1,1,2,1,0,NA,0,NA,0,NA,4,1,1,2,0,0,2,1,3,2,0,0,3,1,0,NA,NA,18,0,44.44,44.44,52.38,52.38,55,55,51.92,51.92,75,75
"25658","Dominica","DMA","","","NAT_TOTAL",2020-06-29,3,1,0,NA,1,1,2,1,0,NA,0,NA,0,NA,4,1,1,2,0,0,2,1,3,2,0,0,3,1,0,NA,NA,18,0,44.44,44.44,52.38,52.38,55,55,51.92,51.92,75,75
"25659","Dominica","DMA","","","NAT_TOTAL",2020-06-30,3,1,0,NA,1,1,2,1,0,NA,0,NA,0,NA,4,1,1,2,0,0,2,1,3,2,0,0,3,1,0,NA,NA,18,0,44.44,44.44,52.38,52.38,55,55,51.92,51.92,75,75
"25660","Dominica","DMA","","","NAT_TOTAL",2020-07-01,3,1,0,NA,1,1,2,1,0,NA,0,NA,0,NA,4,1,1,2,0,0,2,1,3,2,0,0,3,1,0,NA,NA,18,0,44.44,44.44,52.38,52.38,55,55,51.92,51.92,75,75
"25661","Dominica","DMA","","","NAT_TOTAL",2020-07-02,3,1,0,NA,1,1,2,1,0,NA,0,NA,0,NA,4,1,1,2,0,0,2,1,3,2,0,0,3,1,0,NA,NA,18,0,44.44,44.44,52.38,52.38,55,55,51.92,51.92,75,75
"25662","Dominica","DMA","","","NAT_TOTAL",2020-07-03,3,1,0,NA,1,1,2,1,0,NA,0,NA,0,NA,4,1,1,2,0,0,2,1,3,2,0,0,3,1,0,NA,NA,18,0,44.44,44.44,52.38,52.38,55,55,51.92,51.92,75,75
"25663","Dominica","DMA","","","NAT_TOTAL",2020-07-04,3,1,0,NA,1,1,2,1,0,NA,0,NA,0,NA,4,1,1,2,0,0,2,1,3,2,0,0,3,1,0,NA,NA,18,0,44.44,44.44,52.38,52.38,55,55,51.92,51.92,75,75
"25664","Dominica","DMA","","","NAT_TOTAL",2020-07-05,3,1,0,NA,1,1,2,1,0,NA,0,NA,0,NA,4,1,1,2,0,0,2,1,3,2,0,0,3,1,0,NA,NA,18,0,44.44,44.44,52.38,52.38,55,55,51.92,51.92,75,75
"25665","Dominica","DMA","","","NAT_TOTAL",2020-07-06,3,1,0,NA,1,1,2,1,0,NA,0,NA,0,NA,4,1,1,2,0,0,2,1,3,2,0,0,3,1,0,NA,NA,18,0,44.44,44.44,52.38,52.38,55,55,51.92,51.92,75,75
"25666","Dominica","DMA","","","NAT_TOTAL",2020-07-07,3,1,0,NA,1,1,2,1,0,NA,0,NA,0,NA,4,1,1,2,0,0,2,1,3,2,0,0,3,1,0,NA,NA,18,0,44.44,44.44,52.38,52.38,55,55,51.92,51.92,75,75
"25667","Dominica","DMA","","","NAT_TOTAL",2020-07-08,3,1,0,NA,1,1,2,1,0,NA,0,NA,0,NA,4,1,1,2,0,0,2,1,3,2,0,0,3,1,0,NA,NA,18,0,44.44,44.44,52.38,52.38,55,55,51.92,51.92,75,75
"25668","Dominica","DMA","","","NAT_TOTAL",2020-07-09,3,1,0,NA,1,1,2,1,0,NA,0,NA,0,NA,4,1,1,2,0,0,2,1,3,2,0,0,3,1,0,NA,NA,18,0,44.44,44.44,52.38,52.38,55,55,51.92,51.92,75,75
"25669","Dominica","DMA","","","NAT_TOTAL",2020-07-10,3,1,0,NA,1,1,2,1,0,NA,0,NA,0,NA,4,1,1,2,0,0,2,1,3,2,0,0,3,1,0,NA,NA,18,0,44.44,44.44,52.38,52.38,55,55,51.92,51.92,75,75
"25670","Dominica","DMA","","","NAT_TOTAL",2020-07-11,3,1,0,NA,1,1,2,1,0,NA,0,NA,0,NA,4,1,1,2,0,0,2,1,3,2,0,0,3,1,0,NA,NA,18,0,44.44,44.44,52.38,52.38,55,55,51.92,51.92,75,75
"25671","Dominica","DMA","","","NAT_TOTAL",2020-07-12,3,1,0,NA,1,1,2,1,0,NA,0,NA,0,NA,4,1,1,2,0,0,2,1,3,2,0,0,3,1,0,NA,NA,18,0,44.44,44.44,52.38,52.38,55,55,51.92,51.92,75,75
"25672","Dominica","DMA","","","NAT_TOTAL",2020-07-13,3,1,0,NA,1,1,2,1,0,NA,0,NA,0,NA,4,1,1,2,0,0,2,1,3,2,0,0,3,1,0,NA,NA,18,0,44.44,44.44,52.38,52.38,55,55,51.92,51.92,75,75
"25673","Dominica","DMA","","","NAT_TOTAL",2020-07-14,3,1,0,NA,1,1,2,1,0,NA,0,NA,0,NA,4,1,1,2,0,0,2,1,3,2,0,0,3,1,0,NA,NA,18,0,44.44,44.44,52.38,52.38,55,55,51.92,51.92,75,75
"25674","Dominica","DMA","","","NAT_TOTAL",2020-07-15,3,1,0,NA,1,1,2,1,0,NA,0,NA,0,NA,4,1,1,2,0,0,2,1,3,2,0,0,3,1,0,NA,NA,18,0,44.44,44.44,52.38,52.38,55,55,51.92,51.92,75,75
"25675","Dominica","DMA","","","NAT_TOTAL",2020-07-16,3,1,0,NA,1,1,2,1,0,NA,0,NA,0,NA,4,1,1,2,0,0,2,1,3,2,0,0,3,1,0,NA,NA,18,0,44.44,44.44,52.38,52.38,55,55,51.92,51.92,75,75
"25676","Dominica","DMA","","","NAT_TOTAL",2020-07-17,3,1,0,NA,1,1,2,1,0,NA,0,NA,0,NA,4,1,1,2,0,0,2,1,3,2,0,0,3,1,0,NA,NA,18,0,44.44,44.44,52.38,52.38,55,55,51.92,51.92,75,75
"25677","Dominica","DMA","","","NAT_TOTAL",2020-07-18,3,1,0,NA,1,1,2,1,0,NA,0,NA,0,NA,4,1,1,2,0,0,2,1,3,2,0,0,3,1,0,NA,NA,18,0,44.44,44.44,52.38,52.38,55,55,51.92,51.92,75,75
"25678","Dominica","DMA","","","NAT_TOTAL",2020-07-19,3,1,0,NA,1,1,2,1,0,NA,0,NA,0,NA,4,1,1,2,0,0,2,1,3,2,0,0,3,1,0,NA,NA,18,0,44.44,44.44,52.38,52.38,55,55,51.92,51.92,75,75
"25679","Dominica","DMA","","","NAT_TOTAL",2020-07-20,3,1,0,NA,1,1,2,1,0,NA,0,NA,0,NA,4,1,1,2,0,0,2,1,3,2,0,0,3,1,0,NA,NA,18,0,44.44,44.44,52.38,52.38,55,55,51.92,51.92,75,75
"25680","Dominica","DMA","","","NAT_TOTAL",2020-07-21,3,1,0,NA,1,1,2,1,0,NA,0,NA,0,NA,4,1,1,2,0,0,2,1,3,2,0,0,3,1,0,NA,NA,18,0,44.44,44.44,52.38,52.38,55,55,51.92,51.92,75,75
"25681","Dominica","DMA","","","NAT_TOTAL",2020-07-22,3,1,0,NA,1,1,2,1,0,NA,0,NA,0,NA,4,1,1,2,0,0,2,1,3,2,0,0,3,1,0,NA,NA,18,0,44.44,44.44,52.38,52.38,55,55,51.92,51.92,75,75
"25682","Dominica","DMA","","","NAT_TOTAL",2020-07-23,3,1,0,NA,1,1,2,1,0,NA,0,NA,0,NA,4,1,1,2,0,0,2,1,3,2,0,0,3,1,0,NA,NA,18,0,44.44,44.44,52.38,52.38,55,55,51.92,51.92,75,75
"25683","Dominica","DMA","","","NAT_TOTAL",2020-07-24,3,1,0,NA,1,1,2,1,0,NA,0,NA,0,NA,4,1,1,2,0,0,2,1,3,2,0,0,3,1,0,NA,NA,18,0,44.44,44.44,52.38,52.38,55,55,51.92,51.92,75,75
"25684","Dominica","DMA","","","NAT_TOTAL",2020-07-25,3,1,0,NA,1,1,2,1,0,NA,0,NA,0,NA,4,1,1,2,0,0,2,1,3,2,0,0,3,1,0,NA,NA,18,0,44.44,44.44,52.38,52.38,55,55,51.92,51.92,75,75
"25685","Dominica","DMA","","","NAT_TOTAL",2020-07-26,3,1,0,NA,1,1,2,1,0,NA,0,NA,0,NA,4,1,1,2,0,0,2,1,3,2,0,0,3,1,0,NA,NA,18,0,44.44,44.44,52.38,52.38,55,55,51.92,51.92,75,75
"25686","Dominica","DMA","","","NAT_TOTAL",2020-07-27,3,1,0,NA,1,1,2,1,0,NA,0,NA,0,NA,4,1,1,2,0,0,2,1,3,2,0,0,3,1,0,NA,NA,18,0,44.44,44.44,52.38,52.38,55,55,51.92,51.92,75,75
"25687","Dominica","DMA","","","NAT_TOTAL",2020-07-28,3,1,0,NA,1,1,2,1,0,NA,0,NA,0,NA,4,1,1,2,0,0,2,1,3,2,0,0,3,1,0,NA,NA,18,0,44.44,44.44,52.38,52.38,55,55,51.92,51.92,75,75
"25688","Dominica","DMA","","","NAT_TOTAL",2020-07-29,3,1,0,NA,1,1,2,1,0,NA,0,NA,0,NA,4,1,1,2,0,0,2,1,3,2,0,0,3,1,0,NA,NA,18,0,44.44,44.44,52.38,52.38,55,55,51.92,51.92,75,75
"25689","Dominica","DMA","","","NAT_TOTAL",2020-07-30,3,1,0,NA,1,1,2,1,0,NA,0,NA,0,NA,4,1,1,2,0,0,2,1,3,2,0,0,3,1,0,NA,NA,18,0,44.44,44.44,52.38,52.38,55,55,51.92,51.92,75,75
"25690","Dominica","DMA","","","NAT_TOTAL",2020-07-31,3,1,0,NA,1,1,2,1,0,NA,0,NA,0,NA,4,1,1,2,0,0,2,1,3,2,0,0,3,1,0,NA,NA,18,0,44.44,44.44,52.38,52.38,55,55,51.92,51.92,75,75
"25691","Dominica","DMA","","","NAT_TOTAL",2020-08-01,3,1,0,NA,1,1,2,1,0,NA,0,NA,0,NA,4,1,1,2,0,0,2,1,3,2,0,0,3,1,0,NA,NA,18,0,44.44,44.44,52.38,52.38,55,55,51.92,51.92,75,75
"25692","Dominica","DMA","","","NAT_TOTAL",2020-08-02,3,1,0,NA,1,1,2,1,0,NA,0,NA,0,NA,4,1,1,2,0,0,2,1,3,2,0,0,3,1,0,NA,NA,18,0,44.44,44.44,52.38,52.38,55,55,51.92,51.92,75,75
"25693","Dominica","DMA","","","NAT_TOTAL",2020-08-03,3,1,0,NA,1,1,2,1,0,NA,0,NA,0,NA,4,1,1,2,0,0,2,1,3,2,0,0,3,1,0,NA,NA,18,0,44.44,44.44,52.38,52.38,55,55,51.92,51.92,75,75
"25694","Dominica","DMA","","","NAT_TOTAL",2020-08-04,3,1,0,NA,1,1,2,1,0,NA,0,NA,0,NA,4,1,1,2,0,0,2,1,3,2,0,0,3,1,0,NA,NA,18,0,44.44,44.44,52.38,52.38,55,55,51.92,51.92,75,75
"25695","Dominica","DMA","","","NAT_TOTAL",2020-08-05,3,1,0,NA,1,1,2,1,0,NA,0,NA,0,NA,4,1,1,2,0,0,2,1,3,2,0,0,3,1,0,NA,NA,18,0,44.44,44.44,52.38,52.38,55,55,51.92,51.92,75,75
"25696","Dominica","DMA","","","NAT_TOTAL",2020-08-06,3,1,0,NA,1,1,2,1,0,NA,0,NA,0,NA,4,1,1,2,0,0,2,1,3,2,0,0,3,1,0,NA,NA,18,0,44.44,44.44,52.38,52.38,55,55,51.92,51.92,75,75
"25697","Dominica","DMA","","","NAT_TOTAL",2020-08-07,3,1,0,NA,1,1,2,1,0,NA,0,NA,0,NA,1,1,1,2,0,0,2,1,3,2,0,0,3,1,0,NA,NA,18,0,36.11,36.11,41.67,41.67,50,50,46.15,46.15,75,75
"25698","Dominica","DMA","","","NAT_TOTAL",2020-08-08,3,1,0,NA,1,1,2,1,0,NA,0,NA,0,NA,1,1,1,2,0,0,2,1,3,2,0,0,3,1,0,NA,NA,18,0,36.11,36.11,41.67,41.67,50,50,46.15,46.15,75,75
"25699","Dominica","DMA","","","NAT_TOTAL",2020-08-09,3,1,0,NA,1,1,2,1,0,NA,0,NA,0,NA,1,1,1,2,0,0,2,1,3,2,0,0,3,1,0,NA,NA,18,0,36.11,36.11,41.67,41.67,50,50,46.15,46.15,75,75
"25700","Dominica","DMA","","","NAT_TOTAL",2020-08-10,3,1,0,NA,1,1,2,1,0,NA,0,NA,0,NA,1,1,1,2,0,0,2,1,3,2,0,0,3,1,0,NA,NA,18,0,36.11,36.11,41.67,41.67,50,50,46.15,46.15,75,75
"25701","Dominica","DMA","","","NAT_TOTAL",2020-08-11,3,1,0,NA,1,1,2,1,0,NA,0,NA,0,NA,1,1,1,2,0,0,2,1,3,2,0,0,3,1,0,NA,NA,18,0,36.11,36.11,41.67,41.67,50,50,46.15,46.15,75,75
"25702","Dominica","DMA","","","NAT_TOTAL",2020-08-12,3,1,0,NA,1,1,2,1,0,NA,0,NA,0,NA,1,1,1,2,0,0,2,1,3,2,0,0,3,1,0,NA,NA,18,0,36.11,36.11,41.67,41.67,50,50,46.15,46.15,75,75
"25703","Dominica","DMA","","","NAT_TOTAL",2020-08-13,3,1,0,NA,1,1,2,1,0,NA,0,NA,0,NA,1,1,1,2,0,0,2,1,3,2,0,0,3,1,0,NA,NA,18,0,36.11,36.11,41.67,41.67,50,50,46.15,46.15,75,75
"25704","Dominica","DMA","","","NAT_TOTAL",2020-08-14,3,1,0,NA,1,1,2,1,0,NA,0,NA,0,NA,1,1,1,2,0,0,2,1,3,2,0,0,3,1,0,NA,NA,18,0,36.11,36.11,41.67,41.67,50,50,46.15,46.15,75,75
"25705","Dominica","DMA","","","NAT_TOTAL",2020-08-15,3,1,0,NA,1,1,2,1,0,NA,0,NA,0,NA,1,1,1,2,0,0,2,1,3,2,0,0,3,1,0,NA,NA,18,0,36.11,36.11,41.67,41.67,50,50,46.15,46.15,75,75
"25706","Dominica","DMA","","","NAT_TOTAL",2020-08-16,3,1,0,NA,1,1,2,1,0,NA,0,NA,0,NA,1,1,1,2,0,0,2,1,3,2,0,0,3,1,0,NA,NA,18,0,36.11,36.11,41.67,41.67,50,50,46.15,46.15,75,75
"25707","Dominica","DMA","","","NAT_TOTAL",2020-08-17,3,1,0,NA,1,1,2,1,0,NA,0,NA,0,NA,1,1,1,2,0,0,2,1,3,2,0,0,3,1,0,NA,NA,18,0,36.11,36.11,41.67,41.67,50,50,46.15,46.15,75,75
"25708","Dominica","DMA","","","NAT_TOTAL",2020-08-18,3,1,0,NA,1,1,2,1,0,NA,0,NA,0,NA,1,1,1,2,0,0,2,1,3,2,0,0,3,1,0,NA,NA,18,0,36.11,36.11,41.67,41.67,50,50,46.15,46.15,75,75
"25709","Dominica","DMA","","","NAT_TOTAL",2020-08-19,3,1,0,NA,1,1,2,1,0,NA,0,NA,0,NA,1,1,1,2,0,0,2,1,3,2,0,0,3,1,0,NA,NA,18,0,36.11,36.11,41.67,41.67,50,50,46.15,46.15,75,75
"25710","Dominica","DMA","","","NAT_TOTAL",2020-08-20,3,1,0,NA,1,1,2,1,0,NA,0,NA,0,NA,1,1,1,2,0,0,2,1,3,2,0,0,3,1,0,NA,NA,18,0,36.11,36.11,41.67,41.67,50,50,46.15,46.15,75,75
"25711","Dominica","DMA","","","NAT_TOTAL",2020-08-21,3,1,0,NA,1,1,2,1,0,NA,0,NA,0,NA,1,1,1,2,0,0,2,1,3,2,0,0,3,1,0,NA,NA,18,0,36.11,36.11,41.67,41.67,50,50,46.15,46.15,75,75
"25712","Dominica","DMA","","","NAT_TOTAL",2020-08-22,3,1,0,NA,1,1,2,1,0,NA,0,NA,0,NA,1,1,1,2,0,0,2,1,3,2,0,0,3,1,0,NA,NA,19,0,36.11,36.11,41.67,41.67,50,50,46.15,46.15,75,75
"25713","Dominica","DMA","","","NAT_TOTAL",2020-08-23,3,1,0,NA,1,1,2,1,0,NA,0,NA,0,NA,1,1,1,2,0,0,2,1,3,2,0,0,3,1,0,NA,NA,19,0,36.11,36.11,41.67,41.67,50,50,46.15,46.15,75,75
"25714","Dominica","DMA","","","NAT_TOTAL",2020-08-24,3,1,0,NA,1,1,2,1,0,NA,0,NA,0,NA,1,1,1,2,0,0,2,1,3,2,0,0,3,1,0,NA,NA,20,0,36.11,36.11,41.67,41.67,50,50,46.15,46.15,75,75
"25715","Dominica","DMA","","","NAT_TOTAL",2020-08-25,3,1,0,NA,1,1,2,1,0,NA,0,NA,0,NA,1,1,1,2,0,0,2,1,3,2,0,0,3,1,0,NA,NA,20,0,36.11,36.11,41.67,41.67,50,50,46.15,46.15,75,75
"25716","Dominica","DMA","","","NAT_TOTAL",2020-08-26,3,1,0,NA,1,1,2,1,0,NA,0,NA,0,NA,1,1,1,2,0,0,2,1,3,2,0,0,3,1,0,NA,NA,20,0,36.11,36.11,41.67,41.67,50,50,46.15,46.15,75,75
"25717","Dominica","DMA","","","NAT_TOTAL",2020-08-27,3,1,0,NA,1,1,2,1,0,NA,0,NA,0,NA,1,1,1,2,0,0,2,1,3,2,0,0,3,1,0,NA,NA,20,0,36.11,36.11,41.67,41.67,50,50,46.15,46.15,75,75
"25718","Dominica","DMA","","","NAT_TOTAL",2020-08-28,3,1,0,NA,1,1,2,1,0,NA,0,NA,0,NA,1,1,1,2,0,0,2,1,3,2,0,0,3,1,0,NA,NA,20,0,36.11,36.11,41.67,41.67,50,50,46.15,46.15,75,75
"25719","Dominica","DMA","","","NAT_TOTAL",2020-08-29,3,1,0,NA,1,1,2,1,0,NA,0,NA,0,NA,1,1,1,2,0,0,2,1,3,2,0,0,3,1,0,NA,NA,20,0,36.11,36.11,41.67,41.67,50,50,46.15,46.15,75,75
"25720","Dominica","DMA","","","NAT_TOTAL",2020-08-30,3,1,0,NA,1,1,2,1,0,NA,0,NA,0,NA,1,1,1,2,0,0,2,1,3,2,0,0,3,1,0,NA,NA,20,0,36.11,36.11,41.67,41.67,50,50,46.15,46.15,75,75
"25721","Dominica","DMA","","","NAT_TOTAL",2020-08-31,3,1,0,NA,1,1,2,1,0,NA,0,NA,0,NA,1,1,1,2,0,0,2,1,3,2,0,0,3,1,0,NA,NA,20,0,36.11,36.11,41.67,41.67,50,50,46.15,46.15,75,75
"25722","Dominica","DMA","","","NAT_TOTAL",2020-09-01,3,1,0,NA,1,1,2,1,0,NA,0,NA,0,NA,1,1,1,2,0,0,2,1,3,2,0,0,3,1,0,NA,NA,20,0,36.11,36.11,41.67,41.67,50,50,46.15,46.15,75,75
"25723","Dominica","DMA","","","NAT_TOTAL",2020-09-02,3,1,0,NA,1,1,2,1,0,NA,0,NA,0,NA,1,1,1,2,0,0,2,1,3,2,0,0,3,1,0,NA,NA,20,0,36.11,36.11,41.67,41.67,50,50,46.15,46.15,75,75
"25724","Dominica","DMA","","","NAT_TOTAL",2020-09-03,3,1,0,NA,1,1,2,1,0,NA,0,NA,0,NA,1,1,1,2,0,0,2,1,3,2,0,0,3,1,0,NA,NA,20,0,36.11,36.11,41.67,41.67,50,50,46.15,46.15,75,75
"25725","Dominica","DMA","","","NAT_TOTAL",2020-09-04,3,1,0,NA,1,1,2,1,0,NA,0,NA,0,NA,1,1,1,2,0,0,2,1,3,2,0,0,3,1,0,NA,NA,20,0,36.11,36.11,41.67,41.67,50,50,46.15,46.15,75,75
"25726","Dominica","DMA","","","NAT_TOTAL",2020-09-05,3,1,0,NA,1,1,2,1,0,NA,0,NA,0,NA,1,1,1,2,0,0,2,1,3,2,0,0,3,1,0,NA,NA,22,0,36.11,36.11,41.67,41.67,50,50,46.15,46.15,75,75
"25727","Dominica","DMA","","","NAT_TOTAL",2020-09-06,3,1,0,NA,1,1,2,1,0,NA,0,NA,0,NA,1,1,1,2,0,0,2,1,3,2,0,0,3,1,0,NA,NA,22,0,36.11,36.11,41.67,41.67,50,50,46.15,46.15,75,75
"25728","Dominica","DMA","","","NAT_TOTAL",2020-09-07,1,1,0,NA,1,1,2,1,0,NA,0,NA,0,NA,1,1,1,2,0,0,2,1,3,2,0,0,3,1,0,NA,NA,22,0,28.7,28.7,34.52,34.52,45.56,45.56,41.03,41.03,75,75
"25729","Dominica","DMA","","","NAT_TOTAL",2020-09-08,1,1,0,NA,1,1,2,1,0,NA,0,NA,0,NA,1,1,1,2,0,0,2,1,3,2,0,0,3,1,0,NA,NA,22,0,28.7,28.7,34.52,34.52,45.56,45.56,41.03,41.03,75,75
"25730","Dominica","DMA","","","NAT_TOTAL",2020-09-09,1,1,0,NA,1,1,2,1,0,NA,0,NA,0,NA,1,1,1,2,0,0,2,1,3,2,0,0,3,1,0,NA,NA,22,0,28.7,28.7,34.52,34.52,45.56,45.56,41.03,41.03,75,75
"25731","Dominica","DMA","","","NAT_TOTAL",2020-09-10,1,1,0,NA,1,1,2,1,0,NA,0,NA,0,NA,1,1,1,2,0,0,2,1,3,2,0,0,3,1,0,NA,NA,24,0,28.7,28.7,34.52,34.52,45.56,45.56,41.03,41.03,75,75
"25732","Dominica","DMA","","","NAT_TOTAL",2020-09-11,1,1,0,NA,1,1,2,1,0,NA,0,NA,0,NA,1,1,1,2,0,0,2,1,3,2,0,0,3,1,0,NA,NA,24,0,28.7,28.7,34.52,34.52,45.56,45.56,41.03,41.03,75,75
"25733","Dominica","DMA","","","NAT_TOTAL",2020-09-12,1,1,0,NA,1,1,2,1,0,NA,0,NA,0,NA,1,1,1,2,0,0,2,1,3,2,0,0,3,1,0,NA,NA,24,0,28.7,28.7,34.52,34.52,45.56,45.56,41.03,41.03,75,75
"25734","Dominica","DMA","","","NAT_TOTAL",2020-09-13,1,1,0,NA,1,1,2,1,0,NA,0,NA,0,NA,1,1,1,2,0,0,2,1,3,2,0,0,3,1,0,NA,NA,24,0,28.7,28.7,34.52,34.52,45.56,45.56,41.03,41.03,75,75
"25735","Dominica","DMA","","","NAT_TOTAL",2020-09-14,1,1,0,NA,1,1,2,1,0,NA,0,NA,0,NA,1,1,1,2,0,0,2,1,3,2,0,0,3,1,0,NA,NA,24,0,28.7,28.7,34.52,34.52,45.56,45.56,41.03,41.03,75,75
"25736","Dominica","DMA","","","NAT_TOTAL",2020-09-15,1,1,0,NA,1,1,2,1,0,NA,0,NA,0,NA,1,1,1,2,0,0,2,1,3,2,0,0,3,1,0,NA,NA,24,0,28.7,28.7,34.52,34.52,45.56,45.56,41.03,41.03,75,75
"25737","Dominica","DMA","","","NAT_TOTAL",2020-09-16,1,1,0,NA,1,1,2,1,0,NA,0,NA,0,NA,1,1,1,2,0,0,2,1,3,2,0,0,3,1,0,NA,NA,24,0,28.7,28.7,34.52,34.52,45.56,45.56,41.03,41.03,75,75
"25738","Dominica","DMA","","","NAT_TOTAL",2020-09-17,1,1,0,NA,1,1,2,1,0,NA,0,NA,0,NA,1,1,1,2,0,0,2,1,3,2,0,0,3,1,0,NA,NA,24,0,28.7,28.7,34.52,34.52,45.56,45.56,41.03,41.03,75,75
"25739","Dominica","DMA","","","NAT_TOTAL",2020-09-18,1,1,0,NA,1,1,2,1,0,NA,0,NA,0,NA,1,1,1,0,0,0,2,1,3,2,0,0,3,1,0,NA,NA,24,0,28.7,28.7,34.52,34.52,38.89,38.89,41.03,41.03,25,25
"25740","Dominica","DMA","","","NAT_TOTAL",2020-09-19,1,1,0,NA,1,1,2,1,0,NA,0,NA,0,NA,1,1,1,0,0,0,2,1,3,2,0,0,3,1,0,NA,NA,24,0,28.7,28.7,34.52,34.52,38.89,38.89,41.03,41.03,25,25
"25741","Dominica","DMA","","","NAT_TOTAL",2020-09-20,1,1,0,NA,1,1,2,1,0,NA,0,NA,0,NA,1,1,1,0,0,0,2,1,3,2,0,0,3,1,0,NA,NA,24,0,28.7,28.7,34.52,34.52,38.89,38.89,41.03,41.03,25,25
"25742","Dominica","DMA","","","NAT_TOTAL",2020-09-21,1,1,0,NA,1,1,2,1,0,NA,0,NA,0,NA,1,1,1,0,0,0,2,1,3,2,0,0,3,1,0,NA,NA,24,0,28.7,28.7,34.52,34.52,38.89,38.89,41.03,41.03,25,25
"25743","Dominica","DMA","","","NAT_TOTAL",2020-09-22,1,1,0,NA,1,1,2,1,0,NA,0,NA,0,NA,1,1,1,0,0,0,2,1,3,2,0,0,3,1,0,NA,NA,24,0,28.7,28.7,34.52,34.52,38.89,38.89,41.03,41.03,25,25
"25744","Dominica","DMA","","","NAT_TOTAL",2020-09-23,1,1,0,NA,1,1,2,1,0,NA,0,NA,0,NA,1,1,1,0,0,0,2,1,3,2,0,0,3,1,0,NA,NA,24,0,28.7,28.7,34.52,34.52,38.89,38.89,41.03,41.03,25,25
"25745","Dominica","DMA","","","NAT_TOTAL",2020-09-24,1,1,0,NA,1,1,2,1,0,NA,0,NA,0,NA,1,1,1,0,0,0,2,1,3,2,0,0,3,1,0,NA,NA,24,0,28.7,28.7,34.52,34.52,38.89,38.89,41.03,41.03,25,25
"25746","Dominica","DMA","","","NAT_TOTAL",2020-09-25,1,1,0,NA,1,1,2,1,0,NA,0,NA,0,NA,1,1,1,0,0,0,2,1,3,2,0,0,3,1,0,NA,NA,24,0,28.7,28.7,34.52,34.52,38.89,38.89,41.03,41.03,25,25
"25747","Dominica","DMA","","","NAT_TOTAL",2020-09-26,1,1,0,NA,1,1,2,1,0,NA,0,NA,0,NA,1,1,1,0,0,0,2,1,3,2,0,0,3,1,0,NA,NA,24,0,28.7,28.7,34.52,34.52,38.89,38.89,41.03,41.03,25,25
"25748","Dominica","DMA","","","NAT_TOTAL",2020-09-27,1,1,0,NA,1,1,2,1,0,NA,0,NA,0,NA,1,1,1,0,0,0,2,1,3,2,0,0,3,1,0,NA,NA,30,0,28.7,28.7,34.52,34.52,38.89,38.89,41.03,41.03,25,25
"25749","Dominica","DMA","","","NAT_TOTAL",2020-09-28,1,1,0,NA,1,1,2,1,0,NA,0,NA,0,NA,1,1,1,0,0,0,2,1,3,2,0,0,3,1,0,NA,NA,30,0,28.7,28.7,34.52,34.52,38.89,38.89,41.03,41.03,25,25
"25750","Dominica","DMA","","","NAT_TOTAL",2020-09-29,1,1,0,NA,1,1,2,1,0,NA,0,NA,0,NA,1,1,1,0,0,0,2,1,3,2,0,0,3,1,0,NA,NA,30,0,28.7,28.7,34.52,34.52,38.89,38.89,41.03,41.03,25,25
"25751","Dominica","DMA","","","NAT_TOTAL",2020-09-30,1,1,0,NA,1,1,2,1,0,NA,0,NA,0,NA,1,1,1,0,0,0,2,1,3,2,0,0,3,1,0,NA,NA,30,0,28.7,28.7,34.52,34.52,38.89,38.89,41.03,41.03,25,25
"25752","Dominica","DMA","","","NAT_TOTAL",2020-10-01,1,1,0,NA,1,1,2,1,0,NA,0,NA,0,NA,1,1,1,0,0,0,2,1,3,2,0,0,2,1,0,NA,NA,31,0,28.7,28.7,34.52,34.52,37.22,37.22,39.1,39.1,25,25
"25753","Dominica","DMA","","","NAT_TOTAL",2020-10-02,1,1,0,NA,1,1,2,1,0,NA,0,NA,0,NA,1,1,1,0,0,0,2,1,3,2,0,0,2,1,0,NA,NA,31,0,28.7,28.7,34.52,34.52,37.22,37.22,39.1,39.1,25,25
"25754","Dominica","DMA","","","NAT_TOTAL",2020-10-03,1,1,0,NA,1,1,2,1,0,NA,0,NA,0,NA,1,1,1,0,0,0,2,1,3,2,0,0,2,1,0,NA,NA,31,0,28.7,28.7,34.52,34.52,37.22,37.22,39.1,39.1,25,25
"25755","Dominica","DMA","","","NAT_TOTAL",2020-10-04,1,1,0,NA,1,1,2,1,0,NA,0,NA,0,NA,1,1,1,0,0,0,2,1,3,2,0,0,2,1,0,NA,NA,31,0,28.7,28.7,34.52,34.52,37.22,37.22,39.1,39.1,25,25
"25756","Dominica","DMA","","","NAT_TOTAL",2020-10-05,1,1,0,NA,1,1,2,1,0,NA,0,NA,0,NA,1,1,1,0,0,0,2,1,3,2,0,0,2,1,0,NA,NA,31,0,28.7,28.7,34.52,34.52,37.22,37.22,39.1,39.1,25,25
"25757","Dominica","DMA","","","NAT_TOTAL",2020-10-06,1,1,0,NA,1,1,2,1,0,NA,0,NA,0,NA,1,1,1,0,0,0,2,1,3,2,0,0,2,1,0,NA,NA,31,0,28.7,28.7,34.52,34.52,37.22,37.22,39.1,39.1,25,25
"25758","Dominica","DMA","","","NAT_TOTAL",2020-10-07,1,1,0,NA,1,1,2,1,0,NA,0,NA,0,NA,1,1,1,0,0,0,2,1,3,2,0,0,2,1,0,NA,NA,31,0,28.7,28.7,34.52,34.52,37.22,37.22,39.1,39.1,25,25
"25759","Dominica","DMA","","","NAT_TOTAL",2020-10-08,1,1,0,NA,1,1,2,1,0,NA,0,NA,0,NA,1,1,1,0,0,0,2,1,3,2,0,0,2,1,0,NA,NA,31,0,28.7,28.7,34.52,34.52,37.22,37.22,39.1,39.1,25,25
"25760","Dominica","DMA","","","NAT_TOTAL",2020-10-09,1,1,0,NA,1,1,2,1,0,NA,0,NA,0,NA,1,1,1,0,0,0,2,1,3,2,0,0,2,1,0,NA,NA,32,0,28.7,28.7,34.52,34.52,37.22,37.22,39.1,39.1,25,25
"25761","Dominica","DMA","","","NAT_TOTAL",2020-10-10,1,1,0,NA,1,1,2,1,0,NA,0,NA,0,NA,1,1,1,0,0,0,2,1,3,2,0,0,2,1,0,NA,NA,32,0,28.7,28.7,34.52,34.52,37.22,37.22,39.1,39.1,25,25
"25762","Dominica","DMA","","","NAT_TOTAL",2020-10-11,1,1,0,NA,1,1,2,1,0,NA,0,NA,0,NA,1,1,1,0,0,0,2,1,3,2,0,0,2,1,0,NA,NA,32,0,28.7,28.7,34.52,34.52,37.22,37.22,39.1,39.1,25,25
"25763","Dominica","DMA","","","NAT_TOTAL",2020-10-12,1,1,0,NA,1,1,2,1,0,NA,0,NA,0,NA,1,1,1,0,0,0,2,1,3,2,0,0,2,1,0,NA,NA,32,0,28.7,28.7,34.52,34.52,37.22,37.22,39.1,39.1,25,25
"25764","Dominica","DMA","","","NAT_TOTAL",2020-10-13,1,1,0,NA,1,1,2,1,0,NA,0,NA,0,NA,2,1,1,0,0,0,2,1,3,2,0,0,3,1,0,NA,NA,32,0,31.48,31.48,38.1,38.1,40.56,40.56,42.95,42.95,25,25
"25765","Dominica","DMA","","","NAT_TOTAL",2020-10-14,1,1,0,NA,1,1,2,1,0,NA,0,NA,0,NA,2,1,1,0,0,0,2,1,3,2,0,0,3,1,0,NA,NA,32,0,31.48,31.48,38.1,38.1,40.56,40.56,42.95,42.95,25,25
"25766","Dominica","DMA","","","NAT_TOTAL",2020-10-15,1,1,0,NA,1,1,2,1,0,NA,0,NA,0,NA,2,1,1,0,0,0,2,1,3,2,0,0,3,1,0,NA,NA,33,0,31.48,31.48,38.1,38.1,40.56,40.56,42.95,42.95,25,25
"25767","Dominica","DMA","","","NAT_TOTAL",2020-10-16,1,1,0,NA,1,1,2,1,0,NA,0,NA,0,NA,2,1,1,0,0,0,2,1,3,2,0,0,3,1,0,NA,NA,33,0,31.48,31.48,38.1,38.1,40.56,40.56,42.95,42.95,25,25
"25768","Dominica","DMA","","","NAT_TOTAL",2020-10-17,1,1,0,NA,1,1,2,1,0,NA,0,NA,0,NA,2,1,1,0,0,0,2,1,3,2,0,0,3,1,0,NA,NA,33,0,31.48,31.48,38.1,38.1,40.56,40.56,42.95,42.95,25,25
"25769","Dominica","DMA","","","NAT_TOTAL",2020-10-18,1,1,0,NA,1,1,2,1,0,NA,0,NA,0,NA,2,1,1,0,0,0,2,1,3,2,0,0,3,1,0,NA,NA,33,0,31.48,31.48,38.1,38.1,40.56,40.56,42.95,42.95,25,25
"25770","Dominica","DMA","","","NAT_TOTAL",2020-10-19,1,1,0,NA,1,1,2,1,0,NA,0,NA,0,NA,2,1,1,0,0,0,2,1,3,2,0,0,3,1,0,NA,NA,33,0,31.48,31.48,38.1,38.1,40.56,40.56,42.95,42.95,25,25
"25771","Dominica","DMA","","","NAT_TOTAL",2020-10-20,1,1,0,NA,1,1,2,1,0,NA,0,NA,0,NA,2,1,1,0,0,0,2,1,3,2,0,0,3,1,0,NA,NA,33,0,31.48,31.48,38.1,38.1,40.56,40.56,42.95,42.95,25,25
"25772","Dominica","DMA","","","NAT_TOTAL",2020-10-21,1,1,0,NA,1,1,2,1,0,NA,0,NA,0,NA,2,1,1,0,0,0,2,1,3,2,0,0,3,1,0,NA,NA,33,0,31.48,31.48,38.1,38.1,40.56,40.56,42.95,42.95,25,25
"25773","Dominica","DMA","","","NAT_TOTAL",2020-10-22,1,1,0,NA,1,1,2,1,0,NA,0,NA,0,NA,2,1,1,0,0,0,2,1,3,2,0,0,3,1,0,NA,NA,33,0,31.48,31.48,38.1,38.1,40.56,40.56,42.95,42.95,25,25
"25774","Dominica","DMA","","","NAT_TOTAL",2020-10-23,1,1,0,NA,1,1,2,1,0,NA,0,NA,0,NA,2,1,1,0,0,0,2,1,3,2,0,0,3,1,0,NA,NA,37,0,31.48,31.48,38.1,38.1,40.56,40.56,42.95,42.95,25,25
"25775","Dominica","DMA","","","NAT_TOTAL",2020-10-24,1,1,0,NA,1,1,2,1,0,NA,0,NA,0,NA,2,1,1,0,0,0,2,1,3,2,0,0,3,1,0,NA,NA,38,0,31.48,31.48,38.1,38.1,40.56,40.56,42.95,42.95,25,25
"25776","Dominica","DMA","","","NAT_TOTAL",2020-10-25,1,1,0,NA,1,1,2,1,0,NA,0,NA,0,NA,2,1,1,0,0,0,2,1,3,2,0,0,3,1,0,NA,NA,38,0,31.48,31.48,38.1,38.1,40.56,40.56,42.95,42.95,25,25
"25777","Dominica","DMA","","","NAT_TOTAL",2020-10-26,1,1,0,NA,1,1,2,1,0,NA,0,NA,0,NA,2,1,1,0,0,0,2,1,3,2,0,0,3,1,0,NA,NA,38,0,31.48,31.48,38.1,38.1,40.56,40.56,42.95,42.95,25,25
"25778","Dominica","DMA","","","NAT_TOTAL",2020-10-27,1,1,0,NA,1,1,2,1,0,NA,0,NA,0,NA,2,1,1,0,0,0,2,1,3,2,0,0,3,1,0,NA,NA,38,0,31.48,31.48,38.1,38.1,40.56,40.56,42.95,42.95,25,25
"25779","Dominica","DMA","","","NAT_TOTAL",2020-10-28,1,1,0,NA,1,1,2,1,0,NA,0,NA,0,NA,2,1,1,0,0,0,2,1,3,2,0,0,3,1,0,NA,NA,38,0,31.48,31.48,38.1,38.1,40.56,40.56,42.95,42.95,25,25
"25780","Dominica","DMA","","","NAT_TOTAL",2020-10-29,1,1,0,NA,1,1,2,1,0,NA,0,NA,0,NA,2,1,1,0,0,0,2,1,3,2,0,0,NA,NA,0,NA,NA,38,0,31.48,31.48,38.1,38.1,35.56,35.56,37.18,37.18,25,25
"25781","Dominica","DMA","","","NAT_TOTAL",2020-10-30,1,1,0,NA,1,1,2,1,0,NA,0,NA,0,NA,2,1,1,0,0,0,2,1,3,2,0,0,NA,NA,0,NA,NA,42,0,31.48,31.48,38.1,38.1,35.56,35.56,37.18,37.18,25,25
"25782","Dominica","DMA","","","NAT_TOTAL",2020-10-31,1,1,0,NA,1,1,2,1,0,NA,0,NA,0,NA,2,1,1,0,0,0,2,1,3,2,0,0,NA,NA,0,NA,NA,50,0,31.48,31.48,38.1,38.1,35.56,35.56,37.18,37.18,25,25
"25783","Dominica","DMA","","","NAT_TOTAL",2020-11-01,3,0,0,NA,1,1,2,1,0,NA,0,NA,0,NA,2,1,1,0,0,0,2,1,3,2,0,0,NA,NA,0,NA,NA,50,0,37.04,37.04,41.67,41.67,38.89,38.89,41.03,41.03,25,25
"25784","Dominica","DMA","","","NAT_TOTAL",2020-11-02,3,0,0,NA,1,1,2,1,0,NA,0,NA,0,NA,2,1,1,0,0,0,2,1,3,2,0,0,NA,NA,0,NA,NA,50,0,37.04,37.04,41.67,41.67,38.89,38.89,41.03,41.03,25,25
"25785","Dominica","DMA","","","NAT_TOTAL",2020-11-03,3,0,0,NA,1,1,2,1,0,NA,0,NA,0,NA,2,1,1,0,0,0,2,1,3,2,0,0,NA,NA,0,NA,NA,50,0,37.04,37.04,41.67,41.67,38.89,38.89,41.03,41.03,25,25
"25786","Dominica","DMA","","","NAT_TOTAL",2020-11-04,3,0,0,NA,1,1,2,1,0,NA,0,NA,0,NA,2,1,1,0,0,0,2,1,3,2,0,0,NA,NA,0,NA,NA,50,0,37.04,37.04,41.67,41.67,38.89,38.89,41.03,41.03,25,25
"25787","Dominica","DMA","","","NAT_TOTAL",2020-11-05,3,0,0,NA,1,1,2,1,0,NA,0,NA,0,NA,2,1,1,0,0,0,2,1,3,2,0,0,NA,NA,0,NA,NA,57,0,37.04,37.04,41.67,41.67,38.89,38.89,41.03,41.03,25,25
"25788","Dominica","DMA","","","NAT_TOTAL",2020-11-06,3,0,0,NA,1,1,2,1,0,NA,0,NA,0,NA,2,1,1,0,0,0,2,1,3,2,0,0,NA,NA,0,NA,NA,57,0,37.04,37.04,41.67,41.67,38.89,38.89,41.03,41.03,25,25
"25789","Dominica","DMA","","","NAT_TOTAL",2020-11-07,3,0,0,NA,1,1,2,1,0,NA,0,NA,0,NA,2,1,1,0,0,0,2,1,3,2,0,0,NA,NA,0,NA,NA,63,0,37.04,37.04,41.67,41.67,38.89,38.89,41.03,41.03,25,25
"25790","Dominica","DMA","","","NAT_TOTAL",2020-11-08,3,0,0,NA,1,1,2,1,0,NA,0,NA,0,NA,2,1,1,0,0,0,2,1,3,2,0,0,NA,NA,0,NA,NA,63,0,37.04,37.04,41.67,41.67,38.89,38.89,41.03,41.03,25,25
"25791","Dominica","DMA","","","NAT_TOTAL",2020-11-09,3,0,0,NA,1,1,2,1,0,NA,0,NA,0,NA,2,1,1,0,0,0,2,1,3,2,0,0,NA,NA,0,NA,NA,63,0,37.04,37.04,41.67,41.67,38.89,38.89,41.03,41.03,25,25
"25792","Dominica","DMA","","","NAT_TOTAL",2020-11-10,1,1,0,NA,0,NA,1,1,2,1,0,NA,0,NA,2,1,1,0,0,0,2,1,3,2,0,0,3,1,0,NA,NA,63,0,34.26,34.26,48.57,48.57,42.22,42.22,44.87,44.87,25,25
"25793","Dominica","DMA","","","NAT_TOTAL",2020-11-11,1,1,0,NA,0,NA,1,1,2,1,0,NA,0,NA,2,1,1,0,0,0,2,1,3,2,0,0,3,1,0,NA,NA,68,0,34.26,34.26,48.57,48.57,42.22,42.22,44.87,44.87,25,25
"25794","Dominica","DMA","","","NAT_TOTAL",2020-11-12,1,1,0,NA,0,NA,1,1,2,1,0,NA,0,NA,2,1,1,0,0,0,2,1,3,2,0,0,3,1,0,NA,NA,68,0,34.26,34.26,48.57,48.57,42.22,42.22,44.87,44.87,25,25
"25795","Dominica","DMA","","","NAT_TOTAL",2020-11-13,1,1,0,NA,0,NA,1,1,2,1,0,NA,0,NA,2,1,1,0,0,0,2,1,3,2,0,0,3,1,0,NA,NA,68,0,34.26,34.26,48.57,48.57,42.22,42.22,44.87,44.87,25,25
"25796","Dominica","DMA","","","NAT_TOTAL",2020-11-14,1,1,0,NA,0,NA,1,1,2,1,0,NA,0,NA,2,1,1,0,0,0,2,1,3,2,0,0,3,1,0,NA,NA,68,0,34.26,34.26,48.57,48.57,42.22,42.22,44.87,44.87,25,25
"25797","Dominica","DMA","","","NAT_TOTAL",2020-11-15,1,1,0,NA,0,NA,1,1,2,1,0,NA,0,NA,2,1,1,0,0,0,2,1,3,2,0,0,3,1,0,NA,NA,68,0,34.26,34.26,48.57,48.57,42.22,42.22,44.87,44.87,25,25
"25798","Dominica","DMA","","","NAT_TOTAL",2020-11-16,1,1,0,NA,0,NA,1,1,2,1,0,NA,0,NA,2,1,1,0,0,0,2,1,3,2,0,0,3,1,0,NA,NA,68,0,34.26,34.26,48.57,48.57,42.22,42.22,44.87,44.87,25,25
"25799","Dominica","DMA","","","NAT_TOTAL",2020-11-17,1,1,0,NA,0,NA,1,1,2,1,0,NA,0,NA,2,1,1,0,0,0,2,1,3,2,0,0,3,1,0,NA,NA,68,0,34.26,34.26,48.57,48.57,42.22,42.22,44.87,44.87,25,25
"25800","Dominica","DMA","","","NAT_TOTAL",2020-11-18,1,1,0,NA,0,NA,1,1,2,1,0,NA,0,NA,2,1,1,0,0,0,2,1,3,2,0,0,3,1,0,NA,NA,68,0,34.26,34.26,48.57,48.57,42.22,42.22,44.87,44.87,25,25
"25801","Dominica","DMA","","","NAT_TOTAL",2020-11-19,1,1,0,NA,0,NA,1,1,2,1,0,NA,0,NA,2,1,1,0,0,0,2,1,3,2,0,0,3,1,0,NA,NA,68,0,34.26,34.26,48.57,48.57,42.22,42.22,44.87,44.87,25,25
"25802","Dominica","DMA","","","NAT_TOTAL",2020-11-20,1,1,0,NA,0,NA,1,1,2,1,0,NA,0,NA,2,1,1,0,0,0,2,1,3,2,0,0,3,1,0,NA,NA,68,0,34.26,34.26,48.57,48.57,42.22,42.22,44.87,44.87,25,25
"25803","Dominica","DMA","","","NAT_TOTAL",2020-11-21,1,1,0,NA,0,NA,1,1,2,1,0,NA,0,NA,2,1,1,0,0,0,2,1,3,2,0,0,3,1,0,NA,NA,72,0,34.26,34.26,48.57,48.57,42.22,42.22,44.87,44.87,25,25
"25804","Dominica","DMA","","","NAT_TOTAL",2020-11-22,1,1,0,NA,0,NA,1,1,2,1,0,NA,0,NA,2,1,1,0,0,0,2,1,3,2,0,0,3,1,0,NA,NA,72,0,34.26,34.26,48.57,48.57,42.22,42.22,44.87,44.87,25,25
"25805","Dominica","DMA","","","NAT_TOTAL",2020-11-23,1,1,0,NA,0,NA,1,1,2,1,0,NA,0,NA,2,1,1,0,0,0,2,1,3,2,0,0,3,1,0,NA,NA,77,0,34.26,34.26,48.57,48.57,42.22,42.22,44.87,44.87,25,25
"25806","Dominica","DMA","","","NAT_TOTAL",2020-11-24,1,1,0,NA,0,NA,2,1,0,NA,0,NA,0,NA,2,1,1,0,0,0,2,1,3,2,0,0,3,1,0,NA,NA,77,0,25.93,25.93,37.14,37.14,37.22,37.22,39.1,39.1,25,25
"25807","Dominica","DMA","","","NAT_TOTAL",2020-11-25,1,1,0,NA,0,NA,2,1,0,NA,0,NA,0,NA,2,1,1,0,0,0,2,1,3,2,0,0,3,1,0,NA,NA,77,0,25.93,25.93,37.14,37.14,37.22,37.22,39.1,39.1,25,25
"25808","Dominica","DMA","","","NAT_TOTAL",2020-11-26,1,1,0,NA,0,NA,2,1,0,NA,0,NA,0,NA,2,1,1,0,0,0,2,1,3,2,0,0,3,1,0,NA,NA,77,0,25.93,25.93,37.14,37.14,37.22,37.22,39.1,39.1,25,25
"25809","Dominica","DMA","","","NAT_TOTAL",2020-11-27,1,1,0,NA,0,NA,2,1,0,NA,0,NA,0,NA,2,1,1,0,0,0,2,1,3,2,0,0,3,1,0,NA,NA,80,0,25.93,25.93,37.14,37.14,37.22,37.22,39.1,39.1,25,25
"25810","Dominica","DMA","","","NAT_TOTAL",2020-11-28,1,1,0,NA,0,NA,2,1,0,NA,0,NA,0,NA,2,1,1,0,0,0,2,1,3,2,0,0,3,1,0,NA,NA,85,0,25.93,25.93,37.14,37.14,37.22,37.22,39.1,39.1,25,25
"25811","Dominica","DMA","","","NAT_TOTAL",2020-11-29,1,1,0,NA,0,NA,2,1,0,NA,0,NA,0,NA,2,1,1,0,0,0,2,1,3,2,0,0,3,1,0,NA,NA,85,0,25.93,25.93,37.14,37.14,37.22,37.22,39.1,39.1,25,25
"25812","Dominica","DMA","","","NAT_TOTAL",2020-11-30,1,1,0,NA,0,NA,2,1,0,NA,0,NA,0,NA,2,1,1,0,0,0,2,1,3,2,0,0,3,1,0,NA,NA,85,0,25.93,25.93,37.14,37.14,37.22,37.22,39.1,39.1,25,25
"25813","Dominica","DMA","","","NAT_TOTAL",2020-12-01,1,1,0,NA,0,NA,1,1,0,NA,0,NA,0,NA,2,1,1,0,0,0,2,1,3,2,0,0,3,1,0,NA,NA,85,0,23.15,23.15,34.29,34.29,35.56,35.56,37.18,37.18,25,25
"25814","Dominica","DMA","","","NAT_TOTAL",2020-12-02,1,1,0,NA,0,NA,1,1,0,NA,0,NA,0,NA,2,1,1,0,0,0,2,1,3,2,0,0,3,1,0,NA,NA,85,0,23.15,23.15,34.29,34.29,35.56,35.56,37.18,37.18,25,25
"25815","Dominica","DMA","","","NAT_TOTAL",2020-12-03,1,1,0,NA,0,NA,1,1,0,NA,0,NA,0,NA,2,1,1,0,0,0,2,1,3,2,0,0,3,1,0,NA,NA,85,0,23.15,23.15,34.29,34.29,35.56,35.56,37.18,37.18,25,25
"25816","Dominica","DMA","","","NAT_TOTAL",2020-12-04,1,1,0,NA,0,NA,1,1,0,NA,0,NA,0,NA,2,1,1,0,0,0,2,1,3,2,0,0,3,1,0,NA,NA,85,0,23.15,23.15,34.29,34.29,35.56,35.56,37.18,37.18,25,25
"25817","Dominica","DMA","","","NAT_TOTAL",2020-12-05,1,1,0,NA,0,NA,1,1,0,NA,0,NA,0,NA,2,1,1,0,0,0,2,1,3,2,0,0,3,1,0,NA,NA,85,0,23.15,23.15,34.29,34.29,35.56,35.56,37.18,37.18,25,25
"25818","Dominica","DMA","","","NAT_TOTAL",2020-12-06,1,1,0,NA,0,NA,1,1,0,NA,0,NA,0,NA,2,1,1,0,0,0,2,1,3,2,0,0,3,1,0,NA,NA,85,0,23.15,23.15,34.29,34.29,35.56,35.56,37.18,37.18,25,25
"25819","Dominica","DMA","","","NAT_TOTAL",2020-12-07,NA,NA,NA,NA,NA,NA,NA,NA,NA,NA,NA,NA,NA,NA,NA,NA,NA,NA,NA,NA,NA,NA,NA,NA,NA,NA,NA,NA,0,NA,NA,85,0,NA,NA,NA,NA,NA,NA,NA,NA,NA,NA
"25820","Dominica","DMA","","","NAT_TOTAL",2020-12-08,NA,NA,NA,NA,NA,NA,NA,NA,NA,NA,NA,NA,NA,NA,NA,NA,NA,NA,NA,NA,NA,NA,NA,NA,NA,NA,NA,NA,NA,NA,NA,85,0,NA,23.15,NA,34.29,NA,35.56,NA,37.18,NA,25
"25821","Dominica","DMA","","","NAT_TOTAL",2020-12-09,NA,NA,NA,NA,NA,NA,NA,NA,NA,NA,NA,NA,NA,NA,NA,NA,NA,NA,NA,NA,NA,NA,NA,NA,NA,NA,NA,NA,NA,NA,NA,85,0,NA,23.15,NA,34.29,NA,35.56,NA,37.18,NA,25
"25822","Dominica","DMA","","","NAT_TOTAL",2020-12-10,NA,NA,NA,NA,NA,NA,NA,NA,NA,NA,NA,NA,NA,NA,NA,NA,NA,NA,NA,NA,NA,NA,NA,NA,NA,NA,NA,NA,NA,NA,NA,85,0,NA,23.15,NA,34.29,NA,35.56,NA,37.18,NA,25
"25823","Dominica","DMA","","","NAT_TOTAL",2020-12-11,NA,NA,NA,NA,NA,NA,NA,NA,NA,NA,NA,NA,NA,NA,NA,NA,NA,NA,NA,NA,NA,NA,NA,NA,NA,NA,NA,NA,NA,NA,NA,87,0,NA,23.15,NA,34.29,NA,35.56,NA,37.18,NA,25
"25824","Dominica","DMA","","","NAT_TOTAL",2020-12-12,NA,NA,NA,NA,NA,NA,NA,NA,NA,NA,NA,NA,NA,NA,NA,NA,NA,NA,NA,NA,NA,NA,NA,NA,NA,NA,NA,NA,NA,NA,NA,87,0,NA,23.15,NA,34.29,NA,35.56,NA,37.18,NA,25
"25825","Dominica","DMA","","","NAT_TOTAL",2020-12-13,NA,NA,NA,NA,NA,NA,NA,NA,NA,NA,NA,NA,NA,NA,NA,NA,NA,NA,NA,NA,NA,NA,NA,NA,NA,NA,NA,NA,NA,NA,NA,88,0,NA,23.15,NA,34.29,NA,35.56,NA,37.18,NA,25
"25826","Dominica","DMA","","","NAT_TOTAL",2020-12-14,NA,NA,NA,NA,NA,NA,NA,NA,NA,NA,NA,NA,NA,NA,NA,NA,NA,NA,NA,NA,NA,NA,NA,NA,NA,NA,NA,NA,NA,NA,NA,NA,NA,NA,23.15,NA,34.29,NA,35.56,NA,37.18,NA,25
